"2026-02-27 20:22:46","INFO","app.print","Searching for 'Vectorstore for HVAC school video embeddings (Category - 3D Animations and Simulations, Hands-On Field Work, Equipment Demos & Teardowns)' in Drive..."
"2026-02-27 20:22:47","INFO","app.print","Found Video Embeddings folder ID: 1Zx7FQPpMNXU2zOaMNhPaufevcfxCuL7n"
"2026-02-27 20:22:47","INFO","app.print","Using existing local Video Embeddings Chroma DB."
"2026-02-27 20:22:47","INFO","chromadb.telemetry.product.posthog","Anonymized telemetry enabled. See                     https://docs.trychroma.com/telemetry for more information."
"2026-02-27 20:22:47","INFO","app.print","Available collections in vectorstore: ['video_embeddings']"
"2026-02-27 20:22:47","INFO","app.print","Loaded 'video_embeddings' collection from new vectorstore."
"2026-02-27 20:22:47","INFO","app.print","🔍 Searching video embeddings for query: 'pan...'"
"2026-02-27 20:22:47","INFO","app.print","✅ Vertex AI initialized with project: dam-images-tagging"
"2026-02-27 20:22:51","INFO","app.print","✅ Using Vertex AI multimodal embeddings for query"
"2026-02-27 20:22:51","INFO","app.print","✅ Query embedding dimension: 1408"
"2026-02-27 20:23:24","INFO","app.print","Searching for 'Vectorstore for HVAC school video embeddings (Category - 3D Animations and Simulations, Hands-On Field Work, Equipment Demos & Teardowns)' in Drive..."
"2026-02-27 20:23:25","INFO","app.print","Found Video Embeddings folder ID: 1Zx7FQPpMNXU2zOaMNhPaufevcfxCuL7n"
"2026-02-27 20:23:25","INFO","app.print","Using existing local Video Embeddings Chroma DB."
"2026-02-27 20:23:25","INFO","app.print","Available collections in vectorstore: ['video_embeddings']"
"2026-02-27 20:23:25","INFO","app.print","Loaded 'video_embeddings' collection from new vectorstore."
"2026-02-27 20:24:02","INFO","app.print","Searching for 'Vectorstore for HVAC school video embeddings (Category - 3D Animations and Simulations, Hands-On Field Work, Equipment Demos & Teardowns)' in Drive..."
"2026-02-27 20:24:03","INFO","app.print","Found Video Embeddings folder ID: 1Zx7FQPpMNXU2zOaMNhPaufevcfxCuL7n"
"2026-02-27 20:24:03","INFO","app.print","Using existing local Video Embeddings Chroma DB."
"2026-02-27 20:24:03","INFO","app.print","Available collections in vectorstore: ['video_embeddings']"
"2026-02-27 20:24:03","INFO","app.print","Loaded 'video_embeddings' collection from new vectorstore."
"2026-02-27 20:24:35","INFO","app.print","Searching for 'Vectorstore for HVAC school video embeddings (Category - 3D Animations and Simulations, Hands-On Field Work, Equipment Demos & Teardowns)' in Drive..."
"2026-02-27 20:24:36","INFO","app.print","Found Video Embeddings folder ID: 1Zx7FQPpMNXU2zOaMNhPaufevcfxCuL7n"
"2026-02-27 20:24:36","INFO","app.print","Using existing local Video Embeddings Chroma DB."
"2026-02-27 20:24:36","INFO","app.print","Available collections in vectorstore: ['video_embeddings']"
"2026-02-27 20:24:36","INFO","app.print","Loaded 'video_embeddings' collection from new vectorstore."
