Course Outline,Video Search Query Generator,2025-05-08T19:46:03.544784,gemini_2_flash,571,344
Course Outline,Video Search Query Generator,2025-05-09T11:54:39.171234,gemini_2_flash,571,252
Course Outline,Video Search Query Generator,2025-05-09T12:02:56.432116,gemini_2_flash,571,358
Course Outline,Video Search Query Generator,2025-05-09T12:10:15.987072,gemini_2_flash,571,261
Course Outline,Video Search Query Generator,2025-05-09T12:25:45.938623,gemini_2_flash,571,404
Course Outline,Video Search Query Generator,2025-05-09T12:53:59.557988,gemini_2_flash,571,259
,,2025-05-09T13:00:20.388329,gemini_2_flash,11387,402
,,2025-05-09T13:00:20.698890,gemini_2_flash,9375,417
,,2025-05-09T13:00:21.263842,gemini_2_flash,11703,523
,,2025-05-09T13:00:21.554399,gemini_2_flash,13770,571
,,2025-05-09T13:00:21.571022,gemini_2_flash,15707,659
,,2025-05-09T13:00:55.143737,gemini_2_flash,10069,469
,,2025-05-09T13:00:55.353414,gemini_2_flash,20811,341
,,2025-05-09T13:00:57.529449,gemini_2_flash,10735,467
,,2025-05-09T13:00:57.878554,gemini_2_flash,13731,592
,,2025-05-09T13:00:58.913474,gemini_2_flash,24848,526
,,2025-05-09T13:01:18.800306,gemini_2_flash,11487,511
,,2025-05-09T13:01:19.424571,gemini_2_flash,19525,604
,,2025-05-09T13:01:23.142994,gemini_2_flash,9430,352
,,2025-05-09T13:01:24.762651,gemini_2_flash,24409,563
,,2025-05-09T13:01:27.232711,gemini_2_flash,15771,773
,,2025-05-09T13:01:40.557874,gemini_2_flash,12959,505
,,2025-05-09T13:01:43.887987,gemini_2_flash,25898,888
,,2025-05-09T13:01:46.440581,gemini_2_flash,18609,626
,,2025-05-09T13:01:46.458992,gemini_2_flash,18392,476
,,2025-05-09T13:01:48.225705,gemini_2_flash,10107,482
,,2025-05-09T13:02:05.219772,gemini_2_flash,11053,578
,,2025-05-09T13:02:10.292111,gemini_2_flash,11401,595
,,2025-05-09T13:02:14.528103,gemini_2_flash,12169,437
,,2025-05-09T13:02:15.092041,gemini_2_flash,10158,498
,,2025-05-09T13:02:15.870160,gemini_2_flash,27160,609
,,2025-05-09T13:02:29.333769,gemini_2_flash,11229,423
,,2025-05-09T13:02:34.462071,gemini_2_flash,11123,567
,,2025-05-09T13:02:39.742666,gemini_2_flash,10942,512
,,2025-05-09T13:02:41.167294,gemini_2_flash,11994,652
,,2025-05-09T13:02:42.553855,gemini_2_flash,13731,630
,,2025-05-09T13:02:52.841358,gemini_2_flash,10603,310
,,2025-05-09T13:03:00.574564,gemini_2_flash,10645,422
,,2025-05-09T13:03:10.928411,gemini_2_flash,10187,497
,,2025-05-09T13:03:14.401104,gemini_2_flash,23179,718
,,2025-05-09T13:03:15.550828,gemini_2_flash,10981,608
,,2025-05-09T13:03:22.339279,gemini_2_flash,27082,751
,,2025-05-09T13:03:30.187787,gemini_2_flash,10422,436
,,2025-05-09T13:03:50.906395,gemini_2_flash,16722,564
,,2025-05-09T13:03:54.443846,gemini_2_flash,10559,544
,,2025-05-09T13:03:54.935129,gemini_2_flash,10777,783
,,2025-05-09T13:03:56.513058,gemini_2_flash,13678,518
,,2025-05-09T13:04:01.106578,gemini_2_flash,11065,508
,,2025-05-09T13:04:24.426068,gemini_2_flash,12881,430
,,2025-05-09T13:04:30.603289,gemini_2_flash,9956,567
,,2025-05-09T13:04:30.982358,gemini_2_flash,17551,546
,,2025-05-09T13:04:33.539873,gemini_2_flash,10645,520
,,2025-05-09T13:04:37.135124,gemini_2_flash,11445,566
,,2025-05-09T13:04:59.437070,gemini_2_flash,17363,656
,,2025-05-09T13:05:03.327102,gemini_2_flash,10768,543
,,2025-05-09T13:05:04.752135,gemini_2_flash,14346,609
,,2025-05-09T13:05:05.001080,gemini_2_flash,16418,726
,,2025-05-09T13:05:05.142189,gemini_2_flash,10464,302
,,2025-05-09T13:05:37.663409,gemini_2_flash,10060,472
,,2025-05-09T13:05:38.504401,gemini_2_flash,12381,601
,,2025-05-09T13:05:45.750694,gemini_2_flash,14980,553
,,2025-05-09T13:05:47.993707,gemini_2_flash,10764,402
,,2025-05-09T13:05:50.217247,gemini_2_flash,16502,621
,,2025-05-09T13:22:03.444623,,1290,158
,,2025-05-09T13:22:04.664386,,14646,486
,,2025-05-09T13:22:05.404614,,19852,582
,,2025-05-09T13:22:06.330735,,14423,545
,,2025-05-09T13:22:06.757320,,9338,695
,,2025-05-09T13:22:27.486234,,1090,627
,,2025-05-09T13:22:30.766616,,6314,1046
,,2025-05-09T13:22:32.098573,,8094,1055
,,2025-05-09T13:22:33.638324,,4241,1369
,,2025-05-09T13:22:35.402030,,6208,1472
,,2025-05-09T13:22:38.151524,,1716,194
,,2025-05-09T13:22:57.277924,,5915,374
,,2025-05-09T13:23:00.836117,,3751,416
,,2025-05-09T13:23:07.316206,,2006,563
,,2025-05-09T13:23:07.741429,,31439,810
,,2025-05-09T13:23:07.833883,,7479,465
,,2025-05-09T13:23:24.008248,,2847,789
,,2025-05-09T13:23:26.776729,,2097,688
,,2025-05-09T13:23:31.753395,,2149,187
,,2025-05-09T13:23:38.149057,,3837,1210
,,2025-05-09T13:23:41.393259,,12934,1734
,,2025-05-09T13:23:47.391642,,4275,416
,,2025-05-09T13:23:49.320432,,56975,914
,,2025-05-09T13:23:52.629984,,2853,649
,,2025-05-09T13:24:00.183216,,1410,246
,,2025-05-09T13:24:04.552964,,22891,609
,,2025-05-09T13:24:07.574974,,4087,584
,,2025-05-09T13:24:12.617962,,2623,200
,,2025-05-09T13:24:20.409743,,17914,2187
,,2025-05-09T13:24:23.252678,,1312,409
,,2025-05-09T13:24:32.795184,,8537,1324
,,2025-05-09T13:24:34.463684,,11711,550
,,2025-05-09T13:24:35.357844,,3792,545
,,2025-05-09T13:24:40.880647,,58036,903
,,2025-05-09T13:24:48.413378,,65692,929
,,2025-05-09T13:24:54.006041,,23676,580
,,2025-05-09T13:24:55.793167,,3072,186
,,2025-05-09T13:25:00.212533,,5381,1315
,,2025-05-09T13:25:04.903576,,37159,1979
,,2025-05-09T13:25:20.822992,,19151,2132
,,2025-05-09T13:25:20.865166,,17477,1135
,,2025-05-09T13:25:21.848276,,4625,508
,,2025-05-09T13:25:26.563751,,12377,580
,,2025-05-09T13:25:35.296463,,32371,860
,,2025-05-09T13:25:48.232213,,66860,1020
,,2025-05-09T13:25:53.088706,,28027,454
,,2025-05-09T13:25:53.784150,,6126,389
,,2025-05-09T13:25:58.433081,,11274,1263
,,2025-05-09T13:26:08.484516,,11748,1568
,,2025-05-09T13:26:17.731261,,3116,723
,,2025-05-09T13:26:18.474615,,39965,2023
,,2025-05-09T13:26:19.084379,,10804,1014
,,2025-05-09T13:26:21.647912,,7215,402
,,2025-05-09T13:26:30.097564,,60036,790
,,2025-05-09T13:26:42.383770,,3512,306
,,2025-05-09T13:26:45.257584,,6523,429
,,2025-05-09T13:26:45.752554,,6292,478
,,2025-05-09T13:26:46.127656,,3491,732
,,2025-05-09T13:26:55.177128,,20217,1428
,,2025-05-09T13:27:01.993397,,2163,623
,,2025-05-09T13:27:06.047985,,3364,779
,,2025-05-09T13:27:07.295104,,6756,376
,,2025-05-09T13:27:08.812043,,3573,1089
,,2025-05-09T13:27:17.086832,,9313,577
,,2025-05-09T13:27:28.086216,,14656,556
,,2025-05-09T13:27:30.545192,,6941,487
,,2025-05-09T13:27:31.285811,,3784,350
,,2025-05-09T13:27:31.714444,,3087,877
,,2025-05-09T13:27:39.406070,,4416,929
,,2025-05-09T13:27:53.647588,,6221,1104
,,2025-05-09T13:27:54.943935,,2194,652
,,2025-05-09T13:27:55.672550,,7429,1015
,,2025-05-09T13:27:58.862199,,54105,917
,,2025-05-09T13:28:00.166048,,5878,432
,,2025-05-09T13:28:18.402557,,62866,775
,,2025-05-09T13:28:20.649350,,23113,561
,,2025-05-09T13:28:21.383745,,6086,523
,,2025-05-09T13:28:23.217826,,3280,767
,,2025-05-09T13:28:29.979988,,16361,1839
,,2025-05-09T13:28:41.354059,,20170,1494
,,2025-05-09T13:28:42.288814,,3033,1026
,,2025-05-09T13:28:43.869410,,5431,460
,,2025-05-09T13:28:45.163418,,9567,1384
,,2025-05-09T13:28:48.058200,,14991,453
,,2025-05-09T13:29:04.440380,,6428,368
,,2025-05-09T13:29:07.410769,,2975,1055
,,2025-05-09T13:29:07.488895,,12889,658
,,2025-05-09T13:29:09.262614,,2972,284
,,2025-05-09T13:29:12.822702,,6044,1006
,,2025-05-09T13:29:30.007846,,3120,759
,,2025-05-09T13:29:34.775441,,7940,461
,,2025-05-09T13:29:35.630255,,1976,664
,,2025-05-09T13:29:35.913091,,5249,1024
,,2025-05-09T13:29:40.363380,,25575,835
,,2025-05-09T13:29:54.832258,,5965,564
,,2025-05-09T13:29:57.749922,,3576,755
,,2025-05-09T13:30:02.305758,,18556,751
,,2025-05-09T13:30:02.306546,,22479,558
,,2025-05-09T13:30:06.743057,,10608,1300
,,2025-05-09T13:30:14.362281,,3115,1002
,,2025-05-09T13:30:20.442751,,5572,420
,,2025-05-09T13:30:26.036318,,8844,899
,,2025-05-09T13:30:27.703484,,7403,1240
,,2025-05-09T13:30:28.819887,,11152,454
,,2025-05-09T13:30:34.437666,,25704,501
,,2025-05-09T13:30:37.638248,,2850,762
,,2025-05-09T13:30:45.243852,,3483,339
,,2025-05-09T13:30:48.884996,,4645,1004
,,2025-05-09T13:30:55.444231,,9173,1314
,,2025-05-09T13:30:59.452760,,2078,675
,,2025-05-09T13:34:56.490644,gemini_2_flash,4152,295
,,2025-05-09T13:34:57.764152,gemini_2_flash,4798,637
,,2025-05-09T13:34:59.245406,gemini_2_flash,4899,725
,,2025-05-09T13:34:59.957656,gemini_2_flash,5278,769
,,2025-05-09T13:35:01.280623,gemini_2_flash,5158,1057
,,2025-05-09T13:35:20.507479,gemini_2_flash,4628,570
,,2025-05-09T13:35:22.539383,gemini_2_flash,4440,659
,,2025-05-09T13:35:27.246009,gemini_2_flash,5537,1104
,,2025-05-09T13:35:28.676190,gemini_2_flash,4968,1100
,,2025-05-09T13:35:30.629328,gemini_2_flash,5870,1247
,,2025-05-09T13:35:41.367263,gemini_2_flash,4274,370
,,2025-05-09T13:35:44.902669,gemini_2_flash,4912,704
,,2025-05-09T13:35:53.668564,gemini_2_flash,5084,736
,,2025-05-09T13:35:58.169210,gemini_2_flash,5869,1218
,,2025-05-09T13:35:58.317604,gemini_2_flash,5365,858
,,2025-05-09T13:36:04.933535,gemini_2_flash,4860,693
,,2025-05-09T13:36:08.664145,gemini_2_flash,4575,856
,,2025-05-09T13:36:15.780540,gemini_2_flash,4509,672
,,2025-05-09T13:36:22.598160,gemini_2_flash,4451,914
,,2025-05-09T13:36:22.963796,gemini_2_flash,5273,956
,,2025-05-09T13:36:28.881123,gemini_2_flash,4602,1008
,,2025-05-09T13:36:30.164862,gemini_2_flash,4858,854
,,2025-05-09T13:36:34.760247,gemini_2_flash,4666,639
,,2025-05-09T13:36:43.260798,gemini_2_flash,4768,753
,,2025-05-09T13:36:44.418165,gemini_2_flash,4911,727
,,2025-05-09T13:36:48.802521,gemini_2_flash,4478,578
,,2025-05-09T13:36:52.271783,gemini_2_flash,5619,1151
,,2025-05-09T13:36:54.255328,gemini_2_flash,4579,681
,,2025-05-09T13:37:04.528761,gemini_2_flash,5199,534
,,2025-05-09T13:37:05.980054,gemini_2_flash,5292,1183
,,2025-05-09T13:37:09.638820,gemini_2_flash,4835,857
,,2025-05-09T13:37:12.996670,gemini_2_flash,4868,741
,,2025-05-09T13:37:15.722277,gemini_2_flash,4788,704
,,2025-05-09T13:37:27.950386,gemini_2_flash,4553,685
,,2025-05-09T13:37:28.541395,gemini_2_flash,4786,522
,,2025-05-09T13:37:34.249267,gemini_2_flash,4492,652
,,2025-05-09T13:37:35.805091,gemini_2_flash,4552,521
,,2025-05-09T13:37:39.509337,gemini_2_flash,5123,619
,,2025-05-09T13:37:51.986881,gemini_2_flash,4833,884
,,2025-05-09T13:37:52.436342,gemini_2_flash,4756,794
,,2025-05-09T13:37:55.929733,gemini_2_flash,5024,742
,,2025-05-09T13:37:57.056860,gemini_2_flash,4570,603
,,2025-05-09T13:37:59.860763,gemini_2_flash,4806,820
,,2025-05-09T13:38:11.128498,gemini_2_flash,5112,903
,,2025-05-09T13:38:12.374510,gemini_2_flash,4531,891
,,2025-05-09T13:45:28.598471,gemini_2_flash,6472,1148
,,2025-05-09T13:45:28.756253,gemini_2_flash,9482,1097
,,2025-05-09T13:45:29.019756,gemini_2_flash,9508,1042
,,2025-05-09T13:45:30.400950,gemini_2_flash,15347,1328
,,2025-05-09T13:45:30.517481,gemini_2_flash,7455,1354
,,2025-05-09T13:45:58.245979,gemini_2_flash,7224,867
,,2025-05-09T13:45:59.596365,gemini_2_flash,21658,777
,,2025-05-09T13:46:00.328138,gemini_2_flash,20192,1000
,,2025-05-09T13:46:01.458913,gemini_2_flash,14365,1081
,,2025-05-09T13:46:01.860410,gemini_2_flash,11521,1206
,,2025-05-09T13:46:25.931785,gemini_2_flash,7139,886
,,2025-05-09T13:46:29.714366,gemini_2_flash,6911,1019
,,2025-05-09T13:46:30.523691,gemini_2_flash,7731,922
,,2025-05-09T13:46:32.557617,gemini_2_flash,6721,1375
,,2025-05-09T13:46:33.062411,gemini_2_flash,9474,1162
,,2025-05-09T13:46:53.875809,gemini_2_flash,18922,1528
,,2025-05-09T13:46:55.909955,gemini_2_flash,6773,865
,,2025-05-09T13:47:01.431859,gemini_2_flash,9434,1060
,,2025-05-09T13:47:03.211341,gemini_2_flash,6514,1465
,,2025-05-09T13:47:06.113805,gemini_2_flash,22884,2225
,,2025-05-09T13:47:17.308564,gemini_2_flash,6835,804
,,2025-05-09T13:47:24.717310,gemini_2_flash,8619,1248
,,2025-05-09T13:47:29.080235,gemini_2_flash,5748,776
,,2025-05-09T13:47:33.925649,gemini_2_flash,7182,1170
,,2025-05-09T13:47:36.194413,gemini_2_flash,12211,1111
,,2025-05-09T13:47:44.656000,gemini_2_flash,10764,1379
,,2025-05-09T13:47:49.637423,gemini_2_flash,12251,1271
,,2025-05-09T14:50:00.558192,gemini_2_flash,20692,2154
,,2025-05-09T14:50:03.132433,gemini_2_flash,20672,2500
,,2025-05-09T14:50:07.517901,gemini_2_flash,20702,3341
,,2025-05-09T14:50:15.759483,gemini_2_flash,20705,5074
,,2025-05-09T15:05:05.060756,gemini_2_flash,5805,773
,,2025-05-09T15:05:06.642858,gemini_2_flash,6383,996
,,2025-05-09T15:05:07.602135,gemini_2_flash,6190,1235
,,2025-05-09T15:05:08.514044,gemini_2_flash,9024,1231
,,2025-05-09T15:05:08.604872,gemini_2_flash,7354,1285
,,2025-05-09T15:19:05.028414,gemini_2_flash,4541,2042
,,2025-05-09T15:19:05.977933,gemini_2_flash,4538,2201
,,2025-05-09T15:19:06.828405,gemini_2_flash,4508,2524
,,2025-05-09T15:19:07.300127,gemini_2_flash,4528,2370
Course Outline,Web Search Queries Generator,2025-05-09T15:22:41.143862,gemini_2_flash,642,490
Course Outline,Web Search Queries Generator,2025-05-09T15:23:08.327600,gemini_2_flash,910,573
Course Outline,Obtain Web Article Links,2025-05-09T15:39:27.507419,,4069,1416
Course Outline,Obtain Web Article Links,2025-05-09T15:39:57.308715,,3740,1046
Course Outline,Obtain Web Article Links,2025-05-09T15:40:35.397331,,3963,1165
Course Outline,Obtain Web Article Links,2025-05-09T15:41:05.208328,,3780,1461
Course Outline,Obtain Web Article Links,2025-05-09T15:41:33.324759,,3807,1040
Course Outline,Obtain Web Article Links,2025-05-09T15:42:02.526430,,4086,1203
Course Outline,Obtain Web Article Links,2025-05-09T15:42:32.767029,,3710,1314
Course Outline,Obtain Web Article Links,2025-05-09T15:43:02.097471,,3827,1175
Course Outline,Obtain Web Article Links,2025-05-09T15:43:33.011237,,4052,1277
Course Outline,Obtain Web Article Links,2025-05-09T15:44:02.935888,,4092,1157
Course Outline,Obtain Web Article Links,2025-05-09T15:44:32.804863,,3992,1270
Course Outline,Obtain Web Article Links,2025-05-09T15:45:02.586377,,3652,1191
Course Outline,Obtain Web Article Links,2025-05-09T15:45:31.817684,,3948,1072
,,2025-05-09T16:52:54.045664,gemini_2_flash,7355,327
,,2025-05-09T16:52:57.841584,gemini_2_flash,12703,617
,,2025-05-09T16:52:58.381911,gemini_2_flash,11909,1056
,,2025-05-09T16:52:59.994880,gemini_2_flash,11792,1120
,,2025-05-09T16:53:01.764570,gemini_2_flash,13287,1248
,,2025-05-09T16:53:32.630325,gemini_2_flash,14208,1266
,,2025-05-09T16:53:33.468850,gemini_2_flash,7329,500
,,2025-05-09T16:53:36.940418,gemini_2_flash,11988,1119
,,2025-05-09T16:53:37.820326,gemini_2_flash,11871,1022
,,2025-05-09T16:53:41.281827,gemini_2_flash,12161,1402
,,2025-05-09T16:54:07.969720,gemini_2_flash,14287,754
,,2025-05-09T16:54:14.972199,gemini_2_flash,11434,1101
,,2025-05-09T16:54:16.126315,gemini_2_flash,10874,848
,,2025-05-09T16:54:16.161485,gemini_2_flash,12175,1104
,,2025-05-09T16:54:18.934821,gemini_2_flash,12240,922
,,2025-05-09T16:54:46.175006,gemini_2_flash,25999,1273
,,2025-05-09T16:54:51.806034,gemini_2_flash,24649,619
,,2025-05-09T16:54:53.004771,gemini_2_flash,12254,744
,,2025-05-09T16:54:56.074899,gemini_2_flash,10953,1331
,,2025-05-09T16:54:58.425001,gemini_2_flash,26060,1034
,,2025-05-09T16:55:19.451344,gemini_2_flash,7317,407
,,2025-05-09T16:55:28.563470,gemini_2_flash,40848,952
,,2025-05-09T16:55:29.988151,gemini_2_flash,12737,968
,,2025-05-09T16:55:31.647327,gemini_2_flash,7322,517
,,2025-05-09T16:55:37.187412,gemini_2_flash,26139,926
,,2025-05-09T16:55:56.424612,gemini_2_flash,13188,696
,,2025-05-09T16:56:03.927318,gemini_2_flash,7322,408
,,2025-05-09T16:56:10.931897,gemini_2_flash,16674,825
,,2025-05-09T16:56:13.928137,gemini_2_flash,11234,1355
,,2025-05-09T16:56:16.700226,gemini_2_flash,11524,912
,,2025-05-09T16:56:31.664842,gemini_2_flash,13267,807
,,2025-05-09T16:56:39.152486,gemini_2_flash,7322,642
,,2025-05-09T16:56:51.520614,gemini_2_flash,16753,1241
,,2025-05-09T16:56:54.815979,gemini_2_flash,11313,1212
,,2025-05-09T16:56:57.744116,gemini_2_flash,11603,1134
,,2025-05-09T16:57:09.311088,gemini_2_flash,13215,917
,,2025-05-09T16:57:15.380338,gemini_2_flash,15297,771
,,2025-05-09T16:57:29.952599,gemini_2_flash,11599,843
,,2025-05-09T16:57:35.175463,gemini_2_flash,16870,1231
,,2025-05-09T16:57:36.267968,gemini_2_flash,11409,916
,,2025-05-09T16:57:46.026257,gemini_2_flash,13294,974
,,2025-05-09T16:57:48.476343,gemini_2_flash,7326,314
,,2025-05-09T16:58:07.323094,gemini_2_flash,22678,825
,,2025-05-09T16:58:13.088645,gemini_2_flash,8178,845
,,2025-05-09T16:58:16.135349,gemini_2_flash,16949,1338
,,2025-05-09T16:58:24.275397,gemini_2_flash,13294,924
,,2025-05-09T16:58:25.331040,gemini_2_flash,13097,801
,,2025-05-09T16:58:44.175834,gemini_2_flash,12523,696
,,2025-05-09T16:58:51.623744,gemini_2_flash,8257,1111
,,2025-05-09T16:58:54.052112,gemini_2_flash,11036,1127
,,2025-05-09T16:58:59.652827,gemini_2_flash,8193,595
,,2025-05-09T16:59:02.438944,gemini_2_flash,13215,1041
,,2025-05-09T16:59:19.727207,gemini_2_flash,16638,773
,,2025-05-09T16:59:26.050951,gemini_2_flash,7331,524
,,2025-05-09T16:59:31.848283,gemini_2_flash,11115,950
,,2025-05-09T16:59:33.525390,gemini_2_flash,8272,587
,,2025-05-09T16:59:38.563470,gemini_2_flash,13294,961
,,2025-05-09T16:59:53.728620,gemini_2_flash,7331,511
,,2025-05-09T17:00:05.216509,gemini_2_flash,25569,1042
,,2025-05-09T17:00:07.452401,gemini_2_flash,7329,463
,,2025-05-09T17:00:09.183689,gemini_2_flash,12463,731
,,2025-05-09T17:00:12.546488,gemini_2_flash,7331,389
,,2025-05-09T17:00:30.795472,gemini_2_flash,7320,546
,,2025-05-09T17:00:44.355451,gemini_2_flash,25648,733
,,2025-05-09T17:00:46.163158,gemini_2_flash,12024,831
,,2025-05-09T17:00:46.783952,gemini_2_flash,16439,1147
,,2025-05-09T17:00:48.684404,gemini_2_flash,7326,708
,,2025-05-09T17:01:08.522535,gemini_2_flash,27522,704
,,2025-05-09T17:01:21.941159,gemini_2_flash,7296,528
,,2025-05-09T17:01:24.947789,gemini_2_flash,7328,617
,,2025-05-09T17:01:24.948446,gemini_2_flash,16518,1224
,,2025-05-09T17:01:25.693575,gemini_2_flash,12650,731
,,2025-05-09T17:01:45.498400,gemini_2_flash,11792,960
,,2025-05-09T17:01:56.188769,gemini_2_flash,7334,503
,,2025-05-09T17:01:58.741954,gemini_2_flash,7326,311
,,2025-05-09T17:02:00.235031,gemini_2_flash,9863,776
,,2025-05-09T17:02:00.475894,gemini_2_flash,19639,715
,,2025-05-09T17:02:20.129988,gemini_2_flash,11871,821
,,2025-05-09T17:02:32.414612,gemini_2_flash,13651,917
,,2025-05-09T17:02:34.629861,gemini_2_flash,14454,770
,,2025-05-09T17:02:35.169385,gemini_2_flash,13054,797
,,2025-05-09T17:02:35.615366,gemini_2_flash,14095,931
,,2025-05-09T17:02:54.811217,gemini_2_flash,14105,720
,,2025-05-09T17:03:09.525064,gemini_2_flash,24649,689
,,2025-05-09T17:03:09.759718,gemini_2_flash,7736,487
,,2025-05-09T17:03:10.509490,gemini_2_flash,13730,1042
,,2025-05-09T17:03:10.889145,gemini_2_flash,14199,918
,,2025-05-09T17:03:30.401801,gemini_2_flash,11909,724
,,2025-05-09T17:03:44.217806,gemini_2_flash,7342,413
,,2025-05-09T17:03:45.216360,gemini_2_flash,10584,768
,,2025-05-09T17:03:49.322570,gemini_2_flash,11558,1284
,,2025-05-09T17:03:51.802791,gemini_2_flash,13598,1483
,,2025-05-09T17:04:04.698262,gemini_2_flash,7543,445
,,2025-05-09T17:04:20.237299,gemini_2_flash,12703,566
,,2025-05-09T17:04:22.045521,gemini_2_flash,10874,892
,,2025-05-09T17:04:26.777343,gemini_2_flash,11637,1110
,,2025-05-09T17:04:33.089216,gemini_2_flash,13677,1453
,,2025-05-09T17:04:43.732595,gemini_2_flash,9173,1087
,,2025-05-09T17:04:57.186419,gemini_2_flash,10953,866
,,2025-05-09T17:04:58.009110,gemini_2_flash,16674,1274
,,2025-05-09T17:05:04.428759,gemini_2_flash,27538,899
,,2025-05-09T17:05:09.844323,gemini_2_flash,15297,869
,,2025-05-09T17:05:19.210207,gemini_2_flash,9252,943
,,2025-05-09T17:05:34.274770,gemini_2_flash,10953,1154
,,2025-05-09T17:05:36.315383,gemini_2_flash,16753,1357
,,2025-05-09T17:05:44.073923,gemini_2_flash,20033,1293
,,2025-05-09T17:05:47.939286,gemini_2_flash,23048,863
,,2025-05-09T17:05:59.839878,gemini_2_flash,16501,1484
,,2025-05-09T17:06:11.305645,gemini_2_flash,10874,1177
,,2025-05-09T17:06:12.071885,gemini_2_flash,17234,828
,,2025-05-09T17:06:20.989658,gemini_2_flash,20112,1028
,,2025-05-09T17:06:25.283940,gemini_2_flash,23127,936
,,2025-05-09T17:06:36.094490,gemini_2_flash,12152,974
,,2025-05-09T17:06:47.263982,gemini_2_flash,10953,972
,,2025-05-09T17:06:48.677098,gemini_2_flash,17313,1123
,,2025-05-09T17:06:58.303912,gemini_2_flash,12972,887
,,2025-05-09T17:07:03.493950,gemini_2_flash,15749,848
,,2025-05-09T17:07:12.318522,gemini_2_flash,12231,889
,,2025-05-09T17:07:19.423115,gemini_2_flash,7543,498
,,2025-05-09T17:07:22.682831,gemini_2_flash,10897,595
,,2025-05-09T17:07:34.287443,gemini_2_flash,13051,987
,,2025-05-09T17:07:42.072382,gemini_2_flash,13598,1212
,,2025-05-09T17:07:52.868647,gemini_2_flash,26057,1282
,,2025-05-09T17:07:56.243608,gemini_2_flash,11234,1117
,,2025-05-09T17:07:57.378766,gemini_2_flash,25999,776
,,2025-05-09T17:08:06.376424,gemini_2_flash,8120,984
,,2025-05-09T17:08:13.395301,gemini_2_flash,13677,1144
,,2025-05-09T17:08:29.357476,gemini_2_flash,26136,1210
,,2025-05-09T17:08:31.087570,gemini_2_flash,13905,1410
,,2025-05-09T17:08:32.868052,gemini_2_flash,26078,1300
,,2025-05-09T17:08:37.747820,gemini_2_flash,8199,907
,,2025-05-09T17:08:45.620924,gemini_2_flash,22256,969
,,2025-05-09T17:09:01.009612,gemini_2_flash,12522,1138
,,2025-05-09T17:09:04.029635,gemini_2_flash,10249,1235
,,2025-05-09T17:09:04.172098,gemini_2_flash,25568,905
,,2025-05-09T17:09:07.925695,gemini_2_flash,11162,988
,,2025-05-09T17:09:15.707567,gemini_2_flash,22335,729
,,2025-05-09T17:09:35.187448,gemini_2_flash,12601,779
,,2025-05-09T17:09:37.064392,gemini_2_flash,7314,471
,,2025-05-09T17:09:38.476017,gemini_2_flash,14774,659
,,2025-05-09T17:09:47.938564,gemini_2_flash,11241,1102
,,2025-05-09T17:10:00.210510,gemini_2_flash,13990,1039
,,2025-05-09T17:10:07.784212,gemini_2_flash,26057,843
,,2025-05-09T17:10:09.221033,gemini_2_flash,11234,1089
,,2025-05-09T17:10:10.185541,gemini_2_flash,8120,875
,,2025-05-09T17:10:10.880291,gemini_2_flash,13598,811
,,2025-05-09T17:10:13.214157,gemini_2_flash,7319,290
,,2025-05-09T17:10:13.545807,gemini_2_flash,25999,1521
,,2025-05-09T17:10:22.547496,gemini_2_flash,8272,849
,,2025-05-09T17:10:23.061757,gemini_2_flash,27503,1047
,,2025-05-09T17:10:32.885509,gemini_2_flash,14982,1104
,,2025-05-09T17:10:55.773771,gemini_2_flash,14070,937
,,2025-05-09T17:10:59.447432,gemini_2_flash,13677,934
,,2025-05-09T17:11:01.165892,gemini_2_flash,22256,1341
,,2025-05-09T17:11:03.886976,gemini_2_flash,26078,1378
,,2025-05-09T17:11:09.616866,gemini_2_flash,8351,982
,,2025-05-09T17:11:09.809326,gemini_2_flash,26136,865
,,2025-05-09T17:11:10.509100,gemini_2_flash,27582,895
,,2025-05-09T17:11:12.877370,gemini_2_flash,13905,898
,,2025-05-09T17:11:18.394390,gemini_2_flash,12129,999
,,2025-05-09T17:11:32.406749,gemini_2_flash,15061,1031
,,2025-05-09T17:11:39.472372,gemini_2_flash,12522,874
,,2025-05-09T17:11:42.362671,gemini_2_flash,22335,1053
,,2025-05-09T17:11:42.835910,gemini_2_flash,21772,1526
,,2025-05-09T17:11:44.591745,gemini_2_flash,7325,581
,,2025-05-09T17:11:44.965681,gemini_2_flash,10249,1144
,,2025-05-09T17:11:47.299542,gemini_2_flash,24647,642
,,2025-05-09T17:11:47.953893,gemini_2_flash,25568,891
,,2025-05-09T17:11:50.351201,gemini_2_flash,11162,1143
,,2025-05-09T17:11:52.025747,gemini_2_flash,12208,1004
,,2025-05-09T17:12:11.584557,gemini_2_flash,41543,706
,,2025-05-09T17:12:13.772812,gemini_2_flash,12601,718
,,2025-05-09T17:12:14.160410,gemini_2_flash,7314,301
,,2025-05-09T17:12:16.832430,gemini_2_flash,7404,371
,,2025-05-09T17:12:18.148092,gemini_2_flash,14774,539
,,2025-05-09T17:12:24.537598,gemini_2_flash,13514,1225
,,2025-05-09T17:12:27.301033,gemini_2_flash,21851,959
,,2025-05-09T17:12:33.713693,gemini_2_flash,13990,874
,,2025-05-09T17:12:35.326094,gemini_2_flash,11241,1038
,,2025-05-09T17:12:36.158145,gemini_2_flash,11094,1018
,,2025-05-09T17:12:49.949149,gemini_2_flash,7319,583
,,2025-05-09T17:12:50.872590,gemini_2_flash,41622,783
,,2025-05-09T17:12:54.770378,gemini_2_flash,8272,992
,,2025-05-09T17:12:54.961983,gemini_2_flash,12573,1055
,,2025-05-09T17:12:55.176399,gemini_2_flash,27503,999
,,2025-05-09T17:12:59.981247,gemini_2_flash,7324,305
,,2025-05-09T17:13:00.556096,gemini_2_flash,13992,855
,,2025-05-09T17:13:10.803418,gemini_2_flash,11173,994
,,2025-05-09T17:13:12.035227,gemini_2_flash,12129,1052
,,2025-05-09T17:13:12.102778,gemini_2_flash,14982,1326
,,2025-05-09T17:13:22.831363,gemini_2_flash,21772,807
,,2025-05-09T17:13:25.611147,gemini_2_flash,7325,521
,,2025-05-09T17:13:26.987034,gemini_2_flash,14984,1527
,,2025-05-09T17:13:27.313163,gemini_2_flash,27582,828
,,2025-05-09T17:13:27.551937,gemini_2_flash,12335,743
,,2025-05-09T17:13:34.139608,gemini_2_flash,15276,757
,,2025-05-09T17:13:37.818167,gemini_2_flash,13651,1352
,,2025-05-09T17:13:54.614056,gemini_2_flash,9970,746
,,2025-05-09T17:13:57.040202,gemini_2_flash,12208,1058
,,2025-05-09T17:13:58.548753,gemini_2_flash,15061,1174
,,2025-05-09T17:14:00.637226,gemini_2_flash,24647,627
,,2025-05-09T17:14:03.171579,gemini_2_flash,7404,519
,,2025-05-09T17:14:03.577408,gemini_2_flash,41543,785
,,2025-05-09T17:14:05.618497,gemini_2_flash,12817,782
,,2025-05-09T17:14:11.594077,gemini_2_flash,13546,932
,,2025-05-09T17:14:13.566274,gemini_2_flash,7324,477
,,2025-05-09T17:14:23.840237,gemini_2_flash,16273,1118
,,2025-05-09T17:14:34.524641,gemini_2_flash,7324,339
,,2025-05-09T17:14:36.462430,gemini_2_flash,12573,1080
,,2025-05-09T17:14:37.451318,gemini_2_flash,13514,1005
,,2025-05-09T17:14:37.621628,gemini_2_flash,11094,911
,,2025-05-09T17:14:37.660836,gemini_2_flash,14095,1282
,,2025-05-09T17:14:37.991298,gemini_2_flash,13992,960
,,2025-05-09T17:14:38.526945,gemini_2_flash,24647,645
,,2025-05-09T17:14:40.712332,gemini_2_flash,7324,270
,,2025-05-09T17:14:47.781281,gemini_2_flash,11907,1100
,,2025-05-09T17:15:00.812363,gemini_2_flash,28719,1347
,,2025-05-09T17:15:08.114427,gemini_2_flash,7320,265
,,2025-05-09T17:15:09.657048,gemini_2_flash,14984,897
,,2025-05-09T17:15:12.338046,gemini_2_flash,12652,1158
,,2025-05-09T17:15:12.764049,gemini_2_flash,12335,807
,,2025-05-09T17:15:14.453148,gemini_2_flash,14174,1007
,,2025-05-09T17:15:15.467071,gemini_2_flash,11173,1198
,,2025-05-09T17:15:16.226996,gemini_2_flash,13593,1292
,,2025-05-09T17:15:16.698887,gemini_2_flash,12148,1287
,,2025-05-09T17:15:22.622287,gemini_2_flash,11986,1167
,,2025-05-09T17:15:36.112560,gemini_2_flash,7320,727
,,2025-05-09T17:15:43.787409,gemini_2_flash,8355,1234
,,2025-05-09T17:15:45.360042,gemini_2_flash,13651,1366
,,2025-05-09T17:15:45.714891,gemini_2_flash,15276,749
,,2025-05-09T17:15:47.226369,gemini_2_flash,9970,780
,,2025-05-09T17:15:47.497678,gemini_2_flash,7324,474
,,2025-05-09T17:15:50.306823,gemini_2_flash,12113,1154
,,2025-05-09T17:15:51.090082,gemini_2_flash,12227,1033
,,2025-05-09T17:15:52.729887,gemini_2_flash,12817,791
,,2025-05-09T17:15:55.894373,gemini_2_flash,7327,434
,,2025-05-09T17:16:11.977021,gemini_2_flash,10872,1204
,,2025-05-09T17:16:16.518583,gemini_2_flash,8434,998
,,2025-05-09T17:16:19.081468,gemini_2_flash,13546,849
,,2025-05-09T17:16:19.700910,gemini_2_flash,24647,738
,,2025-05-09T17:16:19.958202,gemini_2_flash,16273,1134
,,2025-05-09T17:16:21.798292,gemini_2_flash,7728,542
,,2025-05-09T17:16:22.399907,gemini_2_flash,14095,1249
,,2025-05-09T17:16:22.623791,gemini_2_flash,7324,435
,,2025-05-09T17:16:23.005561,gemini_2_flash,12192,1017
,,2025-05-09T17:16:27.585135,gemini_2_flash,13186,797
,,2025-05-09T17:16:52.137263,gemini_2_flash,11232,1182
,,2025-05-09T17:16:53.521403,gemini_2_flash,7320,646
,,2025-05-09T17:16:54.686024,gemini_2_flash,10951,1249
,,2025-05-09T17:16:57.123546,gemini_2_flash,14174,777
,,2025-05-09T17:16:58.721214,gemini_2_flash,11907,1872
,,2025-05-09T17:16:59.163245,gemini_2_flash,16941,1247
,,2025-05-09T17:17:09.356475,gemini_2_flash,28719,1404
,,2025-05-09T17:17:11.431982,gemini_2_flash,12922,940
,,2025-05-09T17:17:12.685248,gemini_2_flash,7728,521
,,2025-05-09T17:17:13.259363,gemini_2_flash,12148,1221
,,2025-05-09T17:17:27.349696,gemini_2_flash,7320,504
,,2025-05-09T17:17:29.428702,gemini_2_flash,11311,1245
,,2025-05-09T17:17:30.447569,gemini_2_flash,7382,467
,,2025-05-09T17:17:33.483676,gemini_2_flash,8355,793
,,2025-05-09T17:17:37.924224,gemini_2_flash,17020,1341
,,2025-05-09T17:17:38.541903,gemini_2_flash,11986,1344
,,2025-05-09T17:17:46.357959,gemini_2_flash,12113,861
,,2025-05-09T17:17:48.458397,gemini_2_flash,13001,1015
,,2025-05-09T17:17:49.888162,gemini_2_flash,12227,971
,,2025-05-09T17:17:50.405181,gemini_2_flash,15442,1260
,,2025-05-09T17:17:56.448232,gemini_2_flash,7327,499
,,2025-05-09T17:18:00.855518,gemini_2_flash,7284,327
,,2025-05-09T17:18:04.766271,gemini_2_flash,10872,842
,,2025-05-09T17:18:07.017018,gemini_2_flash,182921,1423
,,2025-05-09T17:18:07.315540,gemini_2_flash,7728,501
,,2025-05-09T17:18:11.692583,gemini_2_flash,15161,1339
,,2025-05-09T17:18:20.995148,gemini_2_flash,7315,481
,,2025-05-09T17:18:21.515827,gemini_2_flash,12192,974
,,2025-05-09T17:18:23.451638,gemini_2_flash,13186,688
,,2025-05-09T17:18:25.831193,gemini_2_flash,9715,1072
,,2025-05-09T17:18:30.894448,gemini_2_flash,11232,1210
,,2025-05-09T17:18:33.985506,gemini_2_flash,7330,318
,,2025-05-09T17:18:43.485902,gemini_2_flash,16941,1158
,,2025-05-09T17:18:43.508500,gemini_2_flash,7320,471
,,2025-05-09T17:18:43.513874,gemini_2_flash,7807,502
,,2025-05-09T17:18:51.088493,gemini_2_flash,14326,1291
,,2025-05-09T17:19:01.744156,gemini_2_flash,11899,697
,,2025-05-09T17:19:01.971218,gemini_2_flash,7728,560
,,2025-05-09T17:19:04.483063,gemini_2_flash,12922,1046
,,2025-05-09T17:19:06.320123,gemini_2_flash,13265,941
,,2025-05-09T17:19:07.288912,gemini_2_flash,22217,823
,,2025-05-09T17:19:15.476310,gemini_2_flash,7320,260
,,2025-05-09T17:19:16.879079,gemini_2_flash,7382,501
,,2025-05-09T17:19:17.175641,gemini_2_flash,17088,1203
,,2025-05-09T17:19:20.889739,gemini_2_flash,15442,1181
,,2025-05-09T17:19:28.730533,gemini_2_flash,14405,1259
,,2025-05-09T17:19:39.108257,gemini_2_flash,7315,313
,,2025-05-09T17:19:39.421136,gemini_2_flash,7284,238
,,2025-05-09T17:19:40.311005,gemini_2_flash,10872,1141
,,2025-05-09T17:19:41.609529,gemini_2_flash,13001,907
,,2025-05-09T17:19:42.213886,gemini_2_flash,182921,1563
,,2025-05-09T17:19:45.639765,gemini_2_flash,10264,673
,,2025-05-09T17:19:47.937665,gemini_2_flash,15161,996
,,2025-05-09T17:19:50.836179,gemini_2_flash,7315,673
,,2025-05-09T17:19:52.072741,gemini_2_flash,15442,1006
,,2025-05-09T17:19:57.899677,gemini_2_flash,7321,504
,,2025-05-09T17:20:12.838827,gemini_2_flash,7317,315
,,2025-05-09T17:20:13.168812,gemini_2_flash,7320,410
,,2025-05-09T17:20:17.207928,gemini_2_flash,7330,321
,,2025-05-09T17:20:17.635597,gemini_2_flash,7318,553
,,2025-05-09T17:20:17.651259,gemini_2_flash,9715,787
,,2025-05-09T17:20:20.723458,gemini_2_flash,10951,1252
,,2025-05-09T17:20:22.260211,gemini_2_flash,14326,693
,,2025-05-09T17:20:24.770748,gemini_2_flash,11899,693
,,2025-05-09T17:20:32.461276,gemini_2_flash,41241,1428
,,2025-05-09T17:20:34.413078,gemini_2_flash,24611,710
,,2025-05-09T17:20:48.220136,gemini_2_flash,22217,1277
,,2025-05-09T17:20:51.027794,gemini_2_flash,18386,1313
,,2025-05-09T17:20:53.303908,gemini_2_flash,7315,491
,,2025-05-09T17:20:54.816462,gemini_2_flash,10872,1043
,,2025-05-09T17:20:57.436858,gemini_2_flash,24647,647
,,2025-05-09T17:21:00.599665,gemini_2_flash,7411,433
,,2025-05-09T17:21:02.401261,gemini_2_flash,7320,609
,,2025-05-09T17:21:03.549433,gemini_2_flash,17088,1141
,,2025-05-09T17:21:06.709561,gemini_2_flash,11950,1384
,,2025-05-09T17:21:15.779189,gemini_2_flash,24690,1158
,,2025-05-09T17:21:26.576984,gemini_2_flash,7320,635
,,2025-05-09T17:21:26.820966,gemini_2_flash,22296,1290
,,2025-05-09T17:21:27.727073,gemini_2_flash,7320,289
,,2025-05-09T17:21:28.223478,gemini_2_flash,10264,620
,,2025-05-09T17:21:33.177944,gemini_2_flash,15442,1352
,,2025-05-09T17:21:33.527276,gemini_2_flash,26545,827
,,2025-05-09T17:21:35.907133,gemini_2_flash,7321,550
,,2025-05-09T17:21:37.999628,gemini_2_flash,17167,1099
,,2025-05-09T17:21:40.297876,gemini_2_flash,12029,1052
,,2025-05-09T17:21:47.722148,gemini_2_flash,22217,948
,,2025-05-09T17:21:56.457923,gemini_2_flash,7320,259
,,2025-05-09T17:21:56.691965,gemini_2_flash,7317,283
,,2025-05-09T17:21:57.464872,gemini_2_flash,7318,278
,,2025-05-09T17:21:59.664663,gemini_2_flash,7728,562
,,2025-05-09T17:22:08.021093,gemini_2_flash,24611,794
,,2025-05-09T17:22:08.544155,gemini_2_flash,11008,922
,,2025-05-09T17:22:13.138968,gemini_2_flash,41241,1458
,,2025-05-09T17:22:14.160269,gemini_2_flash,24647,622
,,2025-05-09T17:22:14.524912,gemini_2_flash,7324,584
,,2025-05-09T17:22:23.928199,gemini_2_flash,22296,930
,,2025-05-09T17:22:34.404155,gemini_2_flash,15566,827
,,2025-05-09T17:22:36.659877,gemini_2_flash,18386,1339
,,2025-05-09T17:22:37.457836,gemini_2_flash,11232,789
,,2025-05-09T17:22:37.948875,gemini_2_flash,11950,1335
,,2025-05-09T17:22:47.990608,gemini_2_flash,16914,1227
,,2025-05-09T17:22:48.012502,gemini_2_flash,24690,1322
,,2025-05-09T17:22:48.485862,gemini_2_flash,7320,311
,,2025-05-09T17:22:48.851982,gemini_2_flash,7411,495
,,2025-05-09T17:22:50.990094,gemini_2_flash,7313,638
,,2025-05-09T17:23:01.035726,gemini_2_flash,21144,1256
,,2025-05-09T17:23:08.536824,gemini_2_flash,7320,324
,,2025-05-09T17:23:12.858972,gemini_2_flash,17088,1286
,,2025-05-09T17:23:15.135541,gemini_2_flash,19168,870
,,2025-05-09T17:23:16.047268,gemini_2_flash,26545,1387
,,2025-05-09T17:23:21.375806,gemini_2_flash,15566,855
,,2025-05-09T17:23:23.788819,gemini_2_flash,7320,328
,,2025-05-09T17:23:25.352114,gemini_2_flash,7728,511
,,2025-05-09T17:23:25.399623,gemini_2_flash,22217,1402
,,2025-05-09T17:23:33.712361,gemini_2_flash,182921,902
,,2025-05-09T17:23:36.744432,gemini_2_flash,21223,792
,,2025-05-09T17:23:40.204093,gemini_2_flash,11008,874
,,2025-05-09T17:23:48.369106,gemini_2_flash,7315,319
,,2025-05-09T17:23:48.522363,gemini_2_flash,17167,1429
,,2025-05-09T17:23:51.365790,gemini_2_flash,26624,1114
,,2025-05-09T17:23:53.864961,gemini_2_flash,12850,711
,,2025-05-09T17:23:58.595161,gemini_2_flash,7324,480
,,2025-05-09T17:24:01.402870,gemini_2_flash,22296,1237
,,2025-05-09T17:24:03.236809,gemini_2_flash,15566,1031
,,2025-05-09T17:24:13.213941,gemini_2_flash,18386,1303
,,2025-05-09T17:24:14.973928,gemini_2_flash,11232,1346
,,2025-05-09T17:24:16.207466,gemini_2_flash,7337,270
,,2025-05-09T17:24:16.895537,gemini_2_flash,10696,1338
,,2025-05-09T17:24:22.934873,gemini_2_flash,7313,534
,,2025-05-09T17:24:25.405946,gemini_2_flash,7320,327
,,2025-05-09T17:24:26.281945,gemini_2_flash,16914,1213
,,2025-05-09T17:24:30.967290,gemini_2_flash,7313,567
,,2025-05-09T17:24:36.266698,gemini_2_flash,15645,847
,,2025-05-09T17:24:36.686613,gemini_2_flash,21144,761
,,2025-05-09T17:24:52.329012,gemini_2_flash,15245,879
,,2025-05-09T17:24:52.968058,gemini_2_flash,11311,1211
,,2025-05-09T17:24:54.289028,gemini_2_flash,7334,341
,,2025-05-09T17:24:54.752792,gemini_2_flash,18465,1359
,,2025-05-09T17:24:57.855388,gemini_2_flash,7317,613
,,2025-05-09T17:25:03.086412,gemini_2_flash,7355,440
,,2025-05-09T17:25:03.732764,gemini_2_flash,16993,1330
,,2025-05-09T17:25:10.533794,gemini_2_flash,21223,1037
,,2025-05-09T17:25:17.004107,gemini_2_flash,17088,1061
,,2025-05-09T17:25:18.490248,gemini_2_flash,19168,917
,,2025-05-09T17:25:24.647402,gemini_2_flash,15566,854
,,2025-05-09T17:25:26.279859,gemini_2_flash,15324,1148
,,2025-05-09T17:25:27.561066,gemini_2_flash,7736,466
,,2025-05-09T17:25:29.481787,gemini_2_flash,11777,877
,,2025-05-09T17:25:32.561544,gemini_2_flash,15156,1236
,,2025-05-09T17:25:35.488582,gemini_2_flash,10700,951
,,2025-05-09T17:25:38.987052,gemini_2_flash,7315,454
,,2025-05-09T17:25:44.137050,gemini_2_flash,182921,1831
,,2025-05-09T17:25:52.006889,gemini_2_flash,19247,813
,,2025-05-09T17:25:52.290069,gemini_2_flash,17167,1304
,,2025-05-09T17:25:54.740976,gemini_2_flash,12850,706
,,2025-05-09T17:25:58.560838,gemini_2_flash,12286,867
,,2025-05-09T17:26:02.095029,gemini_2_flash,25499,686
,,2025-05-09T17:26:05.730158,gemini_2_flash,19621,1008
,,2025-05-09T17:26:07.043016,gemini_2_flash,22217,1176
,,2025-05-09T17:26:07.569192,gemini_2_flash,7317,478
,,2025-05-09T17:26:12.494054,gemini_2_flash,18386,940
,,2025-05-09T17:26:18.245568,gemini_2_flash,10696,1295
,,2025-05-09T17:26:27.369475,gemini_2_flash,7320,557
,,2025-05-09T17:26:27.755538,gemini_2_flash,7337,439
,,2025-05-09T17:26:28.060002,gemini_2_flash,7313,543
,,2025-05-09T17:26:28.848190,gemini_2_flash,7340,374
,,2025-05-09T17:26:38.906635,gemini_2_flash,7320,310
,,2025-05-09T17:26:44.401348,gemini_2_flash,22296,1277
,,2025-05-09T17:26:47.465047,gemini_2_flash,15245,841
,,2025-05-09T17:26:48.495007,gemini_2_flash,7334,338
,,2025-05-09T17:26:52.986594,gemini_2_flash,10872,1053
,,2025-05-09T17:26:52.988556,gemini_2_flash,19700,1242
,,2025-05-09T17:27:00.612697,gemini_2_flash,7355,611
,,2025-05-09T17:27:04.830115,gemini_2_flash,21144,975
,,2025-05-09T17:27:06.832149,gemini_2_flash,7317,460
,,2025-05-09T17:27:10.411000,gemini_2_flash,11777,1245
,,2025-05-09T17:27:11.067562,gemini_2_flash,7328,252
,,2025-05-09T17:27:19.807834,gemini_2_flash,7296,734
,,2025-05-09T17:27:21.522220,gemini_2_flash,7736,460
,,2025-05-09T17:27:27.342559,gemini_2_flash,15156,1456
,,2025-05-09T17:27:29.560306,gemini_2_flash,10951,1177
,,2025-05-09T17:27:31.820987,gemini_2_flash,19700,1292
,,2025-05-09T17:27:33.179913,gemini_2_flash,10700,794
,,2025-05-09T17:27:39.215124,gemini_2_flash,21223,1217
,,2025-05-09T17:27:43.900535,gemini_2_flash,12286,996
,,2025-05-09T17:27:46.383810,gemini_2_flash,11856,1102
,,2025-05-09T17:27:48.289576,gemini_2_flash,15214,1003
,,2025-05-09T17:27:52.379884,gemini_2_flash,17089,1049
,,2025-05-09T17:27:52.751814,gemini_2_flash,25499,579
,,2025-05-09T17:28:02.546626,gemini_2_flash,7346,291
,,2025-05-09T17:28:02.783179,gemini_2_flash,19621,1410
,,2025-05-09T17:28:07.385506,gemini_2_flash,22217,1180
,,2025-05-09T17:28:11.995236,gemini_2_flash,10873,990
,,2025-05-09T17:28:13.078516,gemini_2_flash,19621,1457
,,2025-05-09T17:28:21.500328,gemini_2_flash,7317,541
,,2025-05-09T17:28:23.876599,gemini_2_flash,7320,616
,,2025-05-09T17:28:24.249064,gemini_2_flash,7340,546
,,2025-05-09T17:28:26.211108,gemini_2_flash,17168,1056
,,2025-05-09T17:28:28.357367,gemini_2_flash,15293,1166
,,2025-05-09T17:28:37.405562,gemini_2_flash,10872,1236
,,2025-05-09T17:28:41.336590,gemini_2_flash,12162,1123
,,2025-05-09T17:28:42.554696,gemini_2_flash,22296,1335
,,2025-05-09T17:28:45.498972,gemini_2_flash,10952,1323
,,2025-05-09T17:28:54.104802,gemini_2_flash,7328,453
,,2025-05-09T17:28:56.763275,gemini_2_flash,10400,1006
,,2025-05-09T17:29:01.112082,gemini_2_flash,12349,1087
,,2025-05-09T17:29:06.649279,gemini_2_flash,21144,1100
,,2025-05-09T17:29:07.515107,gemini_2_flash,7296,548
,,2025-05-09T17:29:09.789339,gemini_2_flash,7331,552
,,2025-05-09T17:29:13.128574,gemini_2_flash,10951,1119
,,2025-05-09T17:29:18.446088,gemini_2_flash,11254,700
,,2025-05-09T17:29:18.911883,gemini_2_flash,15214,1220
,,2025-05-09T17:29:21.530435,gemini_2_flash,12241,965
,,2025-05-09T17:29:27.857392,gemini_2_flash,17089,1187
,,2025-05-09T17:29:32.376625,gemini_2_flash,10479,1105
,,2025-05-09T17:29:35.500173,gemini_2_flash,17497,1088
,,2025-05-09T17:29:41.270598,gemini_2_flash,7346,573
,,2025-05-09T17:29:42.386615,gemini_2_flash,21223,770
,,2025-05-09T17:29:44.234962,gemini_2_flash,24648,631
,,2025-05-09T17:29:48.462884,gemini_2_flash,10873,1227
,,2025-05-09T17:29:52.967962,gemini_2_flash,11333,1164
,,2025-05-09T17:29:54.348101,gemini_2_flash,7336,318
,,2025-05-09T17:29:55.230246,gemini_2_flash,15293,1316
,,2025-05-09T17:30:02.341717,gemini_2_flash,17168,1194
,,2025-05-09T17:30:03.841552,gemini_2_flash,7335,262
,,2025-05-09T17:30:11.045121,gemini_2_flash,15325,1081
,,2025-05-09T17:30:21.029166,gemini_2_flash,10400,974
,,2025-05-09T17:30:21.528390,gemini_2_flash,12162,1240
,,2025-05-09T17:30:22.479038,gemini_2_flash,14775,981
,,2025-05-09T17:30:23.777587,gemini_2_flash,10952,1122
,,2025-05-09T17:30:24.484416,gemini_2_flash,7324,553
,,2025-05-09T17:30:30.132316,gemini_2_flash,12349,908
,,2025-05-09T17:30:34.972635,gemini_2_flash,11102,1756
,,2025-05-09T17:30:35.378094,gemini_2_flash,7331,548
,,2025-05-09T17:30:39.052786,gemini_2_flash,22306,939
,,2025-05-09T17:30:45.769689,gemini_2_flash,15404,1110
,,2025-05-09T17:30:58.407665,gemini_2_flash,10479,1179
,,2025-05-09T17:30:59.739500,gemini_2_flash,11353,880
,,2025-05-09T17:30:59.958095,gemini_2_flash,11254,1249
,,2025-05-09T17:31:01.325845,gemini_2_flash,17497,1351
,,2025-05-09T17:31:02.275175,gemini_2_flash,14854,1400
,,2025-05-09T17:31:08.034088,gemini_2_flash,12428,1205
,,2025-05-09T17:31:12.917266,gemini_2_flash,24648,750
,,2025-05-09T17:31:19.664816,gemini_2_flash,22385,1164
,,2025-05-09T17:31:34.433623,gemini_2_flash,11181,1484
,,2025-05-09T17:31:37.122108,gemini_2_flash,7335,352
,,2025-05-09T17:31:37.129955,gemini_2_flash,7321,563
,,2025-05-09T17:31:40.404288,gemini_2_flash,15325,880
,,2025-05-09T17:31:42.491312,gemini_2_flash,7335,455
,,2025-05-09T17:31:49.150118,gemini_2_flash,7336,495
,,2025-05-09T17:31:49.804539,gemini_2_flash,14775,1096
,,2025-05-09T17:31:53.069132,gemini_2_flash,8726,627
,,2025-05-09T17:31:53.242944,gemini_2_flash,11333,984
,,2025-05-09T17:31:55.452141,gemini_2_flash,12576,1439
,,2025-05-09T17:32:08.684506,gemini_2_flash,7330,502
,,2025-05-09T17:32:09.893203,gemini_2_flash,7729,457
,,2025-05-09T17:32:10.187068,gemini_2_flash,8579,833
,,2025-05-09T17:32:13.253949,gemini_2_flash,7324,570
,,2025-05-09T17:32:15.202583,gemini_2_flash,15404,1173
,,2025-05-09T17:32:23.969865,gemini_2_flash,22306,1023
,,2025-05-09T17:32:26.294282,gemini_2_flash,11102,1314
,,2025-05-09T17:32:27.926281,gemini_2_flash,13005,1106
,,2025-05-09T17:32:31.007810,gemini_2_flash,11353,1276
,,2025-05-09T17:32:31.216910,gemini_2_flash,12221,987
,,2025-05-09T17:32:42.061443,gemini_2_flash,7342,311
,,2025-05-09T17:32:45.589407,gemini_2_flash,17744,802
,,2025-05-09T17:32:46.826825,gemini_2_flash,8658,1176
,,2025-05-09T17:32:48.866757,gemini_2_flash,7335,532
,,2025-05-09T17:32:51.280295,gemini_2_flash,7321,665
,,2025-05-09T17:32:58.975481,gemini_2_flash,12576,1075
,,2025-05-09T17:33:01.063183,gemini_2_flash,7296,573
,,2025-05-09T17:33:10.485571,gemini_2_flash,12300,797
,,2025-05-09T17:33:11.472750,gemini_2_flash,11181,1638
,,2025-05-09T17:33:13.349810,gemini_2_flash,8726,755
,,2025-05-09T17:33:14.266565,gemini_2_flash,18245,1114
,,2025-05-09T17:33:20.814887,gemini_2_flash,8579,980
,,2025-05-09T17:33:21.256887,gemini_2_flash,7729,544
,,2025-05-09T17:33:25.479624,gemini_2_flash,13142,1028
,,2025-05-09T17:33:27.519203,gemini_2_flash,14841,912
,,2025-05-09T17:33:31.469257,gemini_2_flash,7330,604
,,2025-05-09T17:33:34.762097,gemini_2_flash,18224,881
,,2025-05-09T17:33:48.707862,gemini_2_flash,12300,1001
,,2025-05-09T17:33:49.129693,gemini_2_flash,12909,1386
,,2025-05-09T17:33:49.245262,gemini_2_flash,12221,753
,,2025-05-09T17:33:49.459284,gemini_2_flash,13005,1036
,,2025-05-09T17:33:50.127997,gemini_2_flash,7342,274
,,2025-05-09T17:33:52.851586,gemini_2_flash,8658,896
,,2025-05-09T17:34:00.100389,gemini_2_flash,11726,940
,,2025-05-09T17:34:02.496753,gemini_2_flash,13619,1138
,,2025-05-09T17:34:05.432603,gemini_2_flash,17744,1366
,,2025-05-09T17:34:09.391684,gemini_2_flash,18303,1594
,,2025-05-09T17:34:20.281188,gemini_2_flash,7296,588
,,2025-05-09T17:34:22.107289,gemini_2_flash,12993,1184
,,2025-05-09T17:34:23.735325,gemini_2_flash,12221,889
,,2025-05-09T17:34:24.000355,gemini_2_flash,12300,1063
,,2025-05-09T17:34:24.485627,gemini_2_flash,13084,987
,,2025-05-09T17:34:24.495860,gemini_2_flash,18245,970
,,2025-05-09T17:34:42.553485,gemini_2_flash,7318,345
,,2025-05-09T17:34:42.808511,gemini_2_flash,11805,1225
,,2025-05-09T17:34:42.987597,gemini_2_flash,17823,1351
,,2025-05-09T17:34:45.443601,gemini_2_flash,13698,960
,,2025-05-09T17:34:58.810938,gemini_2_flash,13142,1155
,,2025-05-09T17:35:00.145703,gemini_2_flash,10989,1044
,,2025-05-09T17:35:02.680421,gemini_2_flash,12909,857
,,2025-05-09T17:35:14.310311,gemini_2_flash,12300,1115
,,2025-05-09T17:35:14.475265,gemini_2_flash,14841,831
,,2025-05-09T17:35:15.204314,gemini_2_flash,7317,440
,,2025-05-09T17:35:17.340778,gemini_2_flash,18224,1325
,,2025-05-09T17:35:18.606247,gemini_2_flash,11726,1019
,,2025-05-09T17:35:24.344894,gemini_2_flash,7734,521
,,2025-05-09T17:35:28.715469,gemini_2_flash,32376,879
,,2025-05-09T17:35:34.538385,gemini_2_flash,24648,679
,,2025-05-09T17:35:34.842908,gemini_2_flash,13221,1222
,,2025-05-09T17:35:38.972561,gemini_2_flash,13619,1165
,,2025-05-09T17:35:45.641132,gemini_2_flash,7296,273
,,2025-05-09T17:35:46.989862,gemini_2_flash,7297,378
,,2025-05-09T17:35:49.944015,gemini_2_flash,7318,349
,,2025-05-09T17:35:50.497253,gemini_2_flash,14920,887
,,2025-05-09T17:35:53.910207,gemini_2_flash,18303,1025
,,2025-05-09T17:35:57.024970,gemini_2_flash,7813,497
,,2025-05-09T17:36:04.964634,gemini_2_flash,14208,948
,,2025-05-09T17:36:09.570149,gemini_2_flash,13936,1051
,,2025-05-09T17:36:12.886817,gemini_2_flash,10989,1257
,,2025-05-09T17:36:13.438940,gemini_2_flash,13698,1161
,,2025-05-09T17:36:17.304230,gemini_2_flash,7738,483
,,2025-05-09T17:36:17.941226,gemini_2_flash,13006,998
,,2025-05-09T17:36:19.408134,gemini_2_flash,7317,341
,,2025-05-09T17:36:21.067637,gemini_2_flash,7734,552
,,2025-05-09T17:36:30.534255,gemini_2_flash,32376,1469
,,2025-05-09T17:36:31.811158,gemini_2_flash,15326,1506
,,2025-05-09T17:36:37.123096,gemini_2_flash,14287,625
,,2025-05-09T17:36:46.708448,gemini_2_flash,11599,758
,,2025-05-09T17:36:50.273449,gemini_2_flash,24648,607
,,2025-05-09T17:36:51.321875,gemini_2_flash,7296,739
,,2025-05-09T17:36:52.906166,gemini_2_flash,7735,542
,,2025-05-09T17:36:53.199805,gemini_2_flash,7297,409
,,2025-05-09T17:36:57.209975,gemini_2_flash,13085,863
,,2025-05-09T17:37:03.077783,gemini_2_flash,14208,993
,,2025-05-09T17:37:12.606235,gemini_2_flash,32456,767
,,2025-05-09T17:37:17.190944,gemini_2_flash,15405,1476
,,2025-05-09T17:37:20.443478,gemini_2_flash,18400,1429
,,2025-05-09T17:37:22.297164,gemini_2_flash,11678,905
,,2025-05-09T17:37:26.298447,gemini_2_flash,7738,496
,,2025-05-09T17:37:26.491469,gemini_2_flash,13936,973
,,2025-05-09T17:37:26.946953,gemini_2_flash,13006,888
,,2025-05-09T17:37:31.178668,gemini_2_flash,18791,1373
,,2025-05-09T17:37:32.292181,gemini_2_flash,11399,1169
,,2025-05-09T17:37:38.780730,gemini_2_flash,14287,990
,,2025-05-09T17:37:50.465873,gemini_2_flash,15326,1379
,,2025-05-09T17:37:56.099213,gemini_2_flash,12277,1405
,,2025-05-09T17:37:58.999025,gemini_2_flash,15739,917
,,2025-05-09T17:37:59.988841,gemini_2_flash,7735,460
,,2025-05-09T17:38:00.417360,gemini_2_flash,13620,1429
,,2025-05-09T17:38:03.677666,gemini_2_flash,14015,1091
,,2025-05-09T17:38:04.485189,gemini_2_flash,11599,1129
,,2025-05-09T17:38:06.267325,gemini_2_flash,27930,565
,,2025-05-09T17:38:08.173741,gemini_2_flash,12329,1066
,,2025-05-09T17:38:13.584998,gemini_2_flash,18400,1076
,,2025-05-09T17:38:25.278993,gemini_2_flash,18791,1361
,,2025-05-09T17:38:29.925524,gemini_2_flash,12356,911
,,2025-05-09T17:38:32.746620,gemini_2_flash,15818,903
,,2025-05-09T17:38:34.199704,gemini_2_flash,11399,874
,,2025-05-09T17:38:35.983880,gemini_2_flash,7345,797
,,2025-05-09T17:38:39.763687,gemini_2_flash,11678,929
,,2025-05-09T17:38:40.985539,gemini_2_flash,12861,761
,,2025-05-09T17:38:42.676251,gemini_2_flash,12277,1432
,,2025-05-09T17:38:45.630098,gemini_2_flash,12408,1254
,,2025-05-09T17:38:52.501262,gemini_2_flash,18479,1510
,,2025-05-09T17:38:58.323896,gemini_2_flash,18870,1023
,,2025-05-09T17:39:01.352597,gemini_2_flash,13008,794
,,2025-05-09T17:39:05.269816,gemini_2_flash,7331,809
,,2025-05-09T17:39:06.976345,gemini_2_flash,7323,367
,,2025-05-09T17:39:10.348422,gemini_2_flash,13620,1418
,,2025-05-09T17:39:14.436357,gemini_2_flash,15739,1118
,,2025-05-09T17:39:15.077590,gemini_2_flash,13374,716
,,2025-05-09T17:39:16.912352,gemini_2_flash,12356,923
,,2025-05-09T17:39:24.387625,gemini_2_flash,11685,877
,,2025-05-09T17:39:33.539283,gemini_2_flash,27930,510
,,2025-05-09T17:39:41.612633,gemini_2_flash,7345,332
,,2025-05-09T17:39:43.046919,gemini_2_flash,12329,1113
,,2025-05-09T17:39:44.039301,gemini_2_flash,13087,994
,,2025-05-09T17:39:45.079190,gemini_2_flash,27630,1460
,,2025-05-09T17:39:50.379086,gemini_2_flash,26124,1337
,,2025-05-09T17:39:50.559672,gemini_2_flash,11601,899
,,2025-05-09T17:39:50.950866,gemini_2_flash,15818,1170
,,2025-05-09T17:39:52.330643,gemini_2_flash,12861,804
,,2025-05-09T17:39:58.884607,gemini_2_flash,9358,841
,,2025-05-09T17:40:08.030541,gemini_2_flash,13008,1063
,,2025-05-09T17:40:12.732423,gemini_2_flash,7331,598
,,2025-05-09T17:40:18.254277,gemini_2_flash,12408,1175
,,2025-05-09T17:40:18.928620,gemini_2_flash,12580,1069
,,2025-05-09T17:40:19.914772,gemini_2_flash,7323,316
,,2025-05-09T17:40:20.220483,gemini_2_flash,27709,1176
,,2025-05-09T17:40:24.709604,gemini_2_flash,26203,1219
,,2025-05-09T17:40:25.055242,gemini_2_flash,13374,725
,,2025-05-09T17:40:25.671021,gemini_2_flash,15328,1265
,,2025-05-09T17:40:31.763703,gemini_2_flash,9437,986
,,2025-05-09T17:40:43.154655,gemini_2_flash,11685,1010
,,2025-05-09T17:40:45.597438,gemini_2_flash,27630,845
,,2025-05-09T17:40:48.953056,gemini_2_flash,7337,267
,,2025-05-09T17:40:53.783301,gemini_2_flash,11601,780
,,2025-05-09T17:40:55.984381,gemini_2_flash,26124,1359
,,2025-05-09T17:40:56.596282,gemini_2_flash,18120,1251
,,2025-05-09T17:40:58.663193,gemini_2_flash,9415,769
,,2025-05-09T17:41:00.040001,gemini_2_flash,9358,1048
,,2025-05-09T17:41:01.562838,gemini_2_flash,15407,1187
,,2025-05-09T17:41:15.979555,gemini_2_flash,12580,983
,,2025-05-09T17:41:15.994017,gemini_2_flash,15328,1006
,,2025-05-09T17:41:24.081103,gemini_2_flash,11680,895
,,2025-05-09T17:41:29.525658,gemini_2_flash,18199,1166
,,2025-05-09T17:41:31.142668,gemini_2_flash,26203,1044
,,2025-05-09T17:41:32.009103,gemini_2_flash,9437,1019
,,2025-05-09T17:41:32.820806,gemini_2_flash,9494,743
,,2025-05-09T17:41:45.174911,gemini_2_flash,7337,366
,,2025-05-09T17:41:48.451314,gemini_2_flash,15407,1186
,,2025-05-09T17:41:51.226719,gemini_2_flash,11680,700
,,2025-05-09T17:41:57.762419,gemini_2_flash,18120,939
,,2025-05-09T17:41:57.799750,gemini_2_flash,9415,914
,,2025-05-09T17:42:07.903627,gemini_2_flash,11601,762
,,2025-05-09T17:42:16.068182,gemini_2_flash,18199,1311
,,2025-05-09T17:42:24.029283,gemini_2_flash,11680,921
,,2025-05-09T17:45:08.594480,gemini_2_flash,438,309
,,2025-05-09T17:45:09.071482,gemini_2_flash,710,373
,,2025-05-09T17:45:10.441527,gemini_2_flash,2709,556
,,2025-05-09T17:45:10.940592,gemini_2_flash,2264,656
,,2025-05-09T17:45:11.419829,gemini_2_flash,2998,746
,,2025-05-09T17:45:31.081122,gemini_2_flash,865,487
,,2025-05-09T17:45:35.131952,gemini_2_flash,3213,890
,,2025-05-09T17:45:35.536578,gemini_2_flash,3073,555
,,2025-05-09T17:45:36.944327,gemini_2_flash,2784,816
,,2025-05-09T17:45:37.934589,gemini_2_flash,2818,1028
,,2025-05-09T17:45:53.886291,gemini_2_flash,2566,1098
,,2025-05-09T17:45:58.537876,gemini_2_flash,3295,784
,,2025-05-09T17:45:59.218891,gemini_2_flash,2265,744
,,2025-05-09T17:45:59.265932,gemini_2_flash,2332,645
,,2025-05-09T17:46:00.636046,gemini_2_flash,1868,650
Course Outline,Generate Web Research Based Outline,2025-05-09T18:01:08.169613,gemini_2_flash,4828,964
Course Outline,Generate Web Research Based Outline,2025-05-09T18:01:24.323146,gemini_2_flash,4848,811
Course Outline,Generate Web Research Based Outline,2025-05-09T18:01:40.544273,gemini_2_flash,4858,1022
Course Outline,Generate Web Research Based Outline,2025-05-09T18:01:56.768228,gemini_2_flash,4861,1046
,,2025-05-09T18:04:21.711774,gemini-2.0-flash,33,532
,,2025-05-09T18:04:22.361070,gemini-2.0-flash,43,566
,,2025-05-09T18:04:22.448593,gemini-2.0-flash,43,538
,,2025-05-09T18:04:23.332052,gemini-2.0-flash,33,714
,,2025-05-09T18:04:27.142527,gemini-2.0-flash,36,1216
,,2025-05-09T18:04:55.652321,gemini-2.0-flash,34,643
,,2025-05-09T18:04:56.090905,gemini-2.0-flash,36,952
,,2025-05-09T18:05:08.682717,gemini-2.0-flash,38,622
,,2025-05-09T18:05:24.158641,gemini-2.0-flash,36,648
,,2025-05-09T18:05:32.437271,gemini-2.0-flash,37,1023
,,2025-05-09T18:05:37.769784,gemini-2.0-flash,34,687
,,2025-05-09T18:05:47.681135,gemini-2.0-flash,35,986
,,2025-05-09T18:05:49.848919,gemini-2.0-flash,34,622
,,2025-05-09T18:06:05.796982,gemini-2.0-flash,36,846
,,2025-05-09T18:06:08.751606,gemini-2.0-flash,34,684
,,2025-05-09T18:06:18.883552,gemini-2.0-flash,37,552
,,2025-05-09T18:06:20.619039,gemini-2.0-flash,37,780
,,2025-05-09T18:09:48.308921,gemini_2_flash,13932,1549
,,2025-05-09T18:09:52.123344,gemini_2_flash,13902,2075
,,2025-05-09T18:09:52.615288,gemini_2_flash,13922,2224
,,2025-05-09T18:09:56.975984,gemini_2_flash,13935,3362
Course Outline,Generate Consolidated Outline,2025-05-09T18:12:23.043785,gemini_2_flash,5489,3136
Course Outline,Generate Consolidated Outline,2025-05-09T18:12:47.948147,gemini_2_flash,5243,2305
Course Outline,Generate Consolidated Outline,2025-05-09T18:13:14.678915,gemini_2_flash,5400,2781
Course Outline,Generate Consolidated Outline,2025-05-09T18:13:41.634022,gemini_2_flash,8211,3272
Course Outline,Generate Consolidated Outline,2025-05-09T18:14:19.127685,gemini_2_flash,8576,4156
Course Outline,Review and Revise Outline,2025-05-09T18:19:26.585210,gemini_2_flash,3671,2687
Course Outline,Review and Revise Outline,2025-05-09T18:19:47.877062,gemini_2_flash,6371,1838
,,2025-05-09T18:25:29.127180,gemini_2_flash,1150,647
,,2025-05-09T18:25:29.726406,gemini_2_flash,1465,925
,,2025-05-09T18:25:32.150791,gemini_2_flash,1664,1375
,,2025-05-09T18:27:20.520142,gemini-2.0-flash,43,591
,,2025-05-09T18:27:21.552753,gemini-2.0-flash,46,710
,,2025-05-09T18:27:21.904040,gemini-2.0-flash,43,746
,,2025-05-09T18:27:22.214334,gemini-2.0-flash,50,750
,,2025-05-09T18:27:24.483873,gemini-2.0-flash,46,1086
,,2025-05-09T18:27:52.786383,gemini-2.0-flash,40,957
,,2025-05-09T18:27:54.929305,gemini-2.0-flash,42,862
,,2025-05-09T18:28:01.964118,gemini-2.0-flash,45,818
,,2025-05-09T18:28:06.810960,gemini-2.0-flash,47,1123
,,2025-05-09T18:28:07.593788,gemini-2.0-flash,45,872
,,2025-05-09T18:28:34.243630,gemini-2.0-flash,63,608
,,2025-05-09T18:28:40.782969,gemini-2.0-flash,58,1033
,,2025-05-09T18:28:43.956625,gemini-2.0-flash,54,1013
,,2025-05-09T18:28:44.792448,gemini-2.0-flash,41,926
,,2025-05-09T18:28:47.323989,gemini-2.0-flash,42,797
,,2025-05-09T18:29:03.314314,gemini-2.0-flash,45,347
,,2025-05-09T18:29:15.870665,gemini-2.0-flash,45,877
,,2025-05-09T18:29:16.927862,gemini-2.0-flash,47,917
,,2025-05-09T18:29:17.298213,gemini-2.0-flash,48,824
,,2025-05-09T18:42:25.554419,gemini_2_flash,1707,1003
,,2025-05-09T18:42:25.588382,gemini_2_flash,1365,1018
,,2025-05-09T18:42:27.030991,gemini_2_flash,1375,1089
,,2025-05-09T18:42:27.386528,gemini_2_flash,1210,1197
,,2025-05-09T18:42:28.268928,gemini_2_flash,1331,1318
,,2025-05-09T18:43:06.013426,gemini_2_flash,1572,1010
,,2025-05-09T18:43:06.331266,gemini_2_flash,1479,1211
,,2025-05-09T18:43:12.218855,gemini_2_flash,1438,1200
,,2025-05-09T18:43:12.723654,gemini_2_flash,1745,1200
,,2025-05-09T18:43:14.159561,gemini_2_flash,1492,1447
,,2025-05-09T18:43:47.467792,gemini_2_flash,1667,1168
,,2025-05-09T18:43:47.940157,gemini_2_flash,1247,1210
,,2025-05-09T18:43:57.974986,gemini_2_flash,1543,1233
,,2025-05-09T18:43:58.095512,gemini_2_flash,1643,1295
,,2025-05-09T18:43:59.013231,gemini_2_flash,1414,1245
,,2025-05-09T18:44:26.583872,gemini_2_flash,968,933
,,2025-05-09T18:44:26.997061,gemini_2_flash,1498,998
,,2025-05-09T18:44:39.967372,gemini_2_flash,1539,1386
,,2025-05-09T18:44:40.259075,gemini_2_flash,1447,1384
,,2025-05-09T19:24:19.591481,gemini_2_flash,3221,2106
,,2025-05-09T19:24:20.809545,gemini_2_flash,3185,2489
,,2025-05-09T19:24:22.603855,gemini_2_flash,3242,2580
,,2025-05-09T19:24:26.401610,gemini_2_flash,3339,3250
,,2025-05-09T19:24:27.801463,gemini_2_flash,3264,4095
,,2025-05-09T19:25:05.595086,gemini_2_flash,3217,2643
,,2025-05-09T19:25:08.468946,gemini_2_flash,3325,3468
,,2025-05-09T19:25:14.238323,gemini_2_flash,3321,3792
,,2025-05-09T19:25:20.755171,gemini_2_flash,3525,4162
,,2025-05-09T19:25:21.467188,gemini_2_flash,3298,4340
,,2025-05-09T19:25:51.669695,gemini_2_flash,3223,2038
,,2025-05-09T19:25:54.804274,gemini_2_flash,3298,2438
,,2025-05-09T19:26:12.611639,gemini_2_flash,3280,3998
,,2025-05-09T19:26:13.345836,gemini_2_flash,3330,3521
,,2025-05-09T19:26:17.302114,gemini_2_flash,3321,3579
,,2025-05-09T19:26:35.610437,gemini_2_flash,3173,2201
,,2025-05-09T19:26:41.388586,gemini_2_flash,3180,2682
,,2025-05-09T19:27:00.505029,gemini_2_flash,3340,3353
,,2025-05-09T19:27:06.135111,gemini_2_flash,3436,4452
,,2025-05-11T17:03:35.393709,gemini_2_flash,3601,119
,,2025-05-11T17:03:37.482165,gemini_2_flash,3899,570
,,2025-05-11T17:03:38.099320,gemini_2_flash,3768,726
,,2025-05-11T17:03:38.544392,gemini_2_flash,3812,570
,,2025-05-11T17:03:39.513703,gemini_2_flash,4034,1089
,,2025-05-11T17:04:07.570055,gemini_2_flash,3917,649
,,2025-05-11T17:04:08.877155,gemini_2_flash,3869,784
,,2025-05-11T17:04:09.604063,gemini_2_flash,3822,771
,,2025-05-11T17:04:10.971198,gemini_2_flash,3924,809
,,2025-05-11T17:04:13.960074,gemini_2_flash,4275,1830
,,2025-05-11T17:04:37.759106,gemini_2_flash,3718,507
,,2025-05-11T17:04:38.524110,gemini_2_flash,4062,740
,,2025-05-11T17:04:40.980877,gemini_2_flash,4068,896
,,2025-05-11T17:04:41.938616,gemini_2_flash,3943,925
,,2025-05-11T17:04:44.636167,gemini_2_flash,3940,819
,,2025-05-11T17:05:06.257469,gemini_2_flash,3710,391
,,2025-05-11T17:05:09.925892,gemini_2_flash,3712,376
,,2025-05-11T17:05:12.798781,gemini_2_flash,3836,589
,,2025-05-11T17:05:16.479517,gemini_2_flash,3955,942
Course Outline,Review and Revise Topic Outline,2025-05-11T17:09:06.589014,gemini_2_flash,8282,6934
Course Outline,Review and Revise Topic Outline,2025-05-11T17:10:04.165326,gemini_2_flash,15345,5498
,,2025-05-11T17:13:06.951695,gemini-2.0-flash,524,204
,,2025-05-11T17:13:07.321790,gemini-2.0-flash,538,283
,,2025-05-11T17:13:07.590891,gemini-2.0-flash,600,354
,,2025-05-11T17:13:09.317589,gemini-2.0-flash,763,707
,,2025-05-11T17:13:10.279216,gemini-2.0-flash,848,870
,,2025-05-11T17:13:13.410524,gemini-2.0-flash,550,272
,,2025-05-11T17:13:15.840796,gemini-2.0-flash,692,675
,,2025-05-11T17:13:16.061296,gemini-2.0-flash,777,705
,,2025-05-11T17:13:18.510440,gemini-2.0-flash,652,476
,,2025-05-11T17:13:19.705929,gemini-2.0-flash,976,1062
,,2025-05-11T17:13:22.508466,gemini-2.0-flash,577,335
,,2025-05-11T17:13:23.207724,gemini-2.0-flash,717,533
,,2025-05-11T17:13:23.426084,gemini-2.0-flash,953,1200
,,2025-05-11T17:13:24.682694,gemini-2.0-flash,506,158
,,2025-05-11T17:13:28.987471,gemini-2.0-flash,778,754
,,2025-05-11T17:13:32.312205,gemini-2.0-flash,894,953
,,2025-05-11T17:13:33.294025,gemini-2.0-flash,874,1006
,,2025-05-11T17:13:36.110478,gemini-2.0-flash,1089,1527
,,2025-05-11T17:16:02.562151,gemini_2_flash,8372,330
,,2025-05-11T17:16:03.525701,gemini_2_flash,8321,177
,,2025-05-11T17:16:03.825602,gemini_2_flash,8361,296
,,2025-05-11T17:16:05.033208,gemini_2_flash,8600,1074
,,2025-05-11T17:16:06.788075,gemini_2_flash,8617,975
,,2025-05-11T17:16:35.985287,gemini_2_flash,8320,166
,,2025-05-11T17:16:39.366592,gemini_2_flash,8329,203
,,2025-05-11T17:16:42.516176,gemini_2_flash,8558,906
,,2025-05-11T17:16:43.181379,gemini_2_flash,8444,483
,,2025-05-11T17:16:45.528865,gemini_2_flash,8795,1592
,,2025-05-11T17:17:09.654792,gemini_2_flash,8342,179
,,2025-05-11T17:17:13.460613,gemini_2_flash,8329,175
,,2025-05-11T17:17:17.800372,gemini_2_flash,8325,196
,,2025-05-11T17:17:19.181650,gemini_2_flash,8350,290
,,2025-05-11T17:17:21.580936,gemini_2_flash,8366,323
,,2025-05-11T17:17:44.576044,gemini_2_flash,8392,448
,,2025-05-11T17:17:48.327347,gemini_2_flash,8402,477
,,2025-05-11T17:17:53.013066,gemini_2_flash,8405,438
,,2025-05-11T17:17:58.069126,gemini_2_flash,8660,1344
Course Outline,Video Search Query Generator,2025-05-12T08:02:44.138931,gemini_2_flash,571,290
,,2025-05-12T08:29:23.548787,gemini_2_flash,9375,507
,,2025-05-12T08:29:23.824156,gemini_2_flash,15707,701
,,2025-05-12T08:29:24.030612,gemini_2_flash,11703,567
,,2025-05-12T08:29:24.060382,gemini_2_flash,11387,602
,,2025-05-12T08:29:24.311828,gemini_2_flash,13770,725
,,2025-05-12T08:29:32.166068,gemini_2_flash,9375,330
,,2025-05-12T08:29:32.515015,gemini_2_flash,11387,368
,,2025-05-12T08:29:33.109639,gemini_2_flash,11703,563
,,2025-05-12T08:29:36.567175,gemini_2_flash,13770,657
,,2025-05-12T08:29:36.886423,gemini_2_flash,15707,699
,,2025-05-12T08:29:59.252295,gemini_2_flash,10735,555
,,2025-05-12T08:30:01.481684,gemini_2_flash,10069,540
,,2025-05-12T08:30:06.678756,gemini_2_flash,10735,449
,,2025-05-12T08:30:07.127480,gemini_2_flash,13731,502
,,2025-05-12T08:30:07.712360,gemini_2_flash,10357,460
,,2025-05-12T08:30:07.886250,gemini_2_flash,10357,466
,,2025-05-12T08:30:09.130983,gemini_2_flash,13731,589
,,2025-05-12T08:30:09.513002,gemini_2_flash,24848,680
,,2025-05-12T08:30:18.600035,gemini_2_flash,10069,289
,,2025-05-12T08:30:21.294593,gemini_2_flash,24848,608
,,2025-05-12T08:30:35.876354,gemini_2_flash,19525,699
,,2025-05-12T08:30:38.871060,gemini_2_flash,24409,708
,,2025-05-12T08:30:41.881548,gemini_2_flash,9430,389
,,2025-05-12T08:30:42.466335,gemini_2_flash,24409,567
,,2025-05-12T08:30:42.691348,gemini_2_flash,19525,570
,,2025-05-12T08:30:45.999828,gemini_2_flash,9430,500
,,2025-05-12T08:30:47.963525,gemini_2_flash,15771,555
,,2025-05-12T08:30:48.336988,gemini_2_flash,12959,556
,,2025-05-12T08:30:56.906249,gemini_2_flash,15771,578
,,2025-05-12T08:30:58.585283,gemini_2_flash,12959,609
,,2025-05-12T08:31:09.547848,gemini_2_flash,11401,564
,,2025-05-12T08:31:13.278792,gemini_2_flash,27160,613
,,2025-05-12T08:31:15.289185,gemini_2_flash,11401,496
,,2025-05-12T08:31:16.939715,gemini_2_flash,12169,637
,,2025-05-12T08:31:17.519209,gemini_2_flash,27160,638
,,2025-05-12T08:31:20.878899,gemini_2_flash,12169,376
,,2025-05-12T08:31:23.393550,gemini_2_flash,10158,425
,,2025-05-12T08:31:26.400962,gemini_2_flash,11123,663
,,2025-05-12T08:31:32.502613,gemini_2_flash,10158,414
,,2025-05-12T08:31:34.919877,gemini_2_flash,11123,500
,,2025-05-12T08:31:46.954519,gemini_2_flash,10942,597
,,2025-05-12T08:31:49.617535,gemini_2_flash,11994,557
,,2025-05-12T08:31:54.110815,gemini_2_flash,10942,686
,,2025-05-12T08:31:54.533195,gemini_2_flash,11994,533
,,2025-05-12T08:31:55.974390,gemini_2_flash,13731,605
,,2025-05-12T08:32:03.472319,gemini_2_flash,13731,575
,,2025-05-12T08:32:06.109575,gemini_2_flash,10603,391
,,2025-05-12T08:32:06.391367,gemini_2_flash,10087,486
,,2025-05-12T08:32:12.923696,gemini_2_flash,10087,474
,,2025-05-12T08:32:14.230927,gemini_2_flash,10603,322
,,2025-05-12T08:32:20.684003,gemini_2_flash,10645,410
,,2025-05-12T08:32:22.886492,gemini_2_flash,10187,510
,,2025-05-12T08:32:26.464008,gemini_2_flash,10645,278
,,2025-05-12T08:32:28.288392,gemini_2_flash,10187,584
,,2025-05-12T08:32:30.486435,gemini_2_flash,23179,663
,,2025-05-12T08:32:39.599543,gemini_2_flash,23179,714
,,2025-05-12T08:32:40.748219,gemini_2_flash,10981,522
,,2025-05-12T08:32:42.770823,gemini_2_flash,27082,775
,,2025-05-12T08:32:45.824473,gemini_2_flash,10981,397
,,2025-05-12T08:32:49.268558,gemini_2_flash,27082,807
,,2025-05-12T08:32:52.295491,gemini_2_flash,18060,569
,,2025-05-12T08:32:52.970733,gemini_2_flash,10422,408
,,2025-05-12T08:32:57.259310,gemini_2_flash,18060,480
,,2025-05-12T08:32:59.160407,gemini_2_flash,10422,466
,,2025-05-12T08:33:02.661116,gemini_2_flash,16722,705
,,2025-05-12T08:33:15.093308,gemini_2_flash,16722,600
,,2025-05-12T08:33:16.409857,gemini_2_flash,10777,671
,,2025-05-12T08:33:17.745539,gemini_2_flash,10559,612
,,2025-05-12T08:33:19.942102,gemini_2_flash,10777,476
,,2025-05-12T08:33:23.635840,gemini_2_flash,10559,427
,,2025-05-12T08:33:23.989012,gemini_2_flash,11065,400
,,2025-05-12T08:33:25.213988,gemini_2_flash,23752,620
,,2025-05-12T08:33:30.397880,gemini_2_flash,11065,442
,,2025-05-12T08:33:30.827950,gemini_2_flash,23752,709
,,2025-05-12T08:33:34.528006,gemini_2_flash,12881,578
,,2025-05-12T08:33:53.117482,gemini_2_flash,12881,489
,,2025-05-12T08:33:54.971880,gemini_2_flash,9956,577
,,2025-05-12T08:33:56.798815,gemini_2_flash,9956,453
,,2025-05-12T08:33:57.145796,gemini_2_flash,24760,657
,,2025-05-12T08:34:00.957873,gemini_2_flash,24760,578
,,2025-05-12T08:34:01.575051,gemini_2_flash,13138,507
,,2025-05-12T08:34:01.904124,gemini_2_flash,17551,380
,,2025-05-12T08:34:08.483153,gemini_2_flash,13138,529
,,2025-05-12T08:34:09.014109,gemini_2_flash,17551,384
,,2025-05-12T08:34:11.616460,gemini_2_flash,10645,549
,,2025-05-12T08:34:31.619386,gemini_2_flash,10645,554
,,2025-05-12T08:34:31.939178,gemini_2_flash,11445,397
,,2025-05-12T08:34:33.811904,gemini_2_flash,11445,484
,,2025-05-12T08:34:34.125728,gemini_2_flash,10768,539
,,2025-05-12T08:34:36.128250,gemini_2_flash,10768,304
,,2025-05-12T08:34:36.189445,gemini_2_flash,16418,586
,,2025-05-12T08:34:36.801821,gemini_2_flash,14346,558
,,2025-05-12T08:34:42.400810,gemini_2_flash,14346,603
,,2025-05-12T08:34:43.361983,gemini_2_flash,16418,650
,,2025-05-12T08:34:43.917814,gemini_2_flash,10464,410
,,2025-05-12T08:35:04.231452,gemini_2_flash,10464,308
,,2025-05-12T08:35:06.595125,gemini_2_flash,14980,587
,,2025-05-12T08:35:07.681334,gemini_2_flash,10764,506
,,2025-05-12T08:35:08.507826,gemini_2_flash,14980,656
,,2025-05-12T08:35:09.089849,gemini_2_flash,16502,553
,,2025-05-12T08:35:09.192172,gemini_2_flash,12381,731
,,2025-05-12T08:35:09.931021,gemini_2_flash,10764,554
,,2025-05-12T08:35:13.969789,gemini_2_flash,12381,581
,,2025-05-12T08:35:14.867734,gemini_2_flash,9872,528
,,2025-05-12T08:35:15.133017,gemini_2_flash,16502,585
,,2025-05-12T08:35:25.617580,gemini_2_flash,9872,439
,,2025-05-12T08:35:26.842858,gemini_2_flash,10060,412
,,2025-05-12T08:35:28.061079,gemini_2_flash,10060,444
,,2025-05-12T08:43:09.450406,,5915,404
,,2025-05-12T08:43:10.576525,,14646,520
,,2025-05-12T08:43:10.818710,,9338,548
,,2025-05-12T08:43:11.574498,,19852,740
,,2025-05-12T08:43:13.929660,,58874,637
,,2025-05-12T08:43:34.420635,,2922,837
,,2025-05-12T08:43:37.762550,,3923,979
,,2025-05-12T08:43:38.391944,,6317,1037
,,2025-05-12T08:43:39.081341,,8409,1154
,,2025-05-12T08:43:40.735415,,17342,1160
,,2025-05-12T08:44:01.594481,,31439,1012
,,2025-05-12T08:44:02.508894,,1410,272
,,2025-05-12T08:44:03.689922,,56975,728
,,2025-05-12T08:44:05.307899,,22891,633
,,2025-05-12T08:44:06.133770,,11711,607
,,2025-05-12T08:44:24.816529,,1310,409
,,2025-05-12T08:44:32.327389,,5588,1164
,,2025-05-12T08:44:32.741518,,8528,1313
,,2025-05-12T08:44:32.815656,,13226,2008
,,2025-05-12T08:44:33.344858,,17148,1528
,,2025-05-12T08:44:43.234284,,7215,410
,,2025-05-12T08:44:57.076012,,32693,997
,,2025-05-12T08:44:57.365056,,3512,306
,,2025-05-12T08:44:58.114203,,6292,339
,,2025-05-12T08:44:59.134187,,60036,642
,,2025-05-12T08:45:04.708162,,3614,947
,,2025-05-12T08:45:20.510090,,2168,498
,,2025-05-12T08:45:23.002272,,3066,753
,,2025-05-12T08:45:25.474547,,27537,1677
,,2025-05-12T08:45:27.084650,,6756,462
,,2025-05-12T08:45:29.836144,,19754,1661
,,2025-05-12T08:45:46.079851,,9313,663
,,2025-05-12T08:45:49.750418,,14656,514
,,2025-05-12T08:45:50.205164,,3387,380
,,2025-05-12T08:45:52.359170,,3097,903
,,2025-05-12T08:45:52.695570,,60747,639
,,2025-05-12T08:46:09.273703,,4480,1096
,,2025-05-12T08:46:12.832225,,2131,652
,,2025-05-12T08:46:15.267796,,6158,1102
,,2025-05-12T08:46:15.494488,,3784,370
,,2025-05-12T08:46:17.702643,,40362,1633
,,2025-05-12T08:46:35.715794,,54105,1285
,,2025-05-12T08:46:37.032112,,5878,385
,,2025-05-12T08:46:37.597659,,2284,635
,,2025-05-12T08:46:40.553662,,4623,337
,,2025-05-12T08:46:41.748336,,62866,1032
,,2025-05-12T08:47:01.088951,,3210,947
,,2025-05-12T08:47:02.874592,,23113,458
,,2025-05-12T08:47:05.000831,,2643,976
,,2025-05-12T08:47:07.815510,,17534,2529
,,2025-05-12T08:47:12.736733,,20623,2128
,,2025-05-12T08:47:18.630959,,6404,420
,,2025-05-12T08:47:27.765481,,9301,1252
,,2025-05-12T08:47:31.050249,,6086,477
,,2025-05-12T08:47:33.773220,,5431,452
,,2025-05-12T08:47:38.533326,,44070,558
,,2025-05-12T08:47:42.765319,,6634,839
,,2025-05-12T08:47:59.956294,,6428,343
,,2025-05-12T08:48:03.231547,,3035,907
,,2025-05-12T08:48:07.879208,,2907,950
,,2025-05-12T08:48:18.241912,,16173,1363
,,2025-05-12T08:48:21.183134,,12889,468
,,2025-05-12T08:48:36.442818,,3063,811
,,2025-05-12T08:48:40.390273,,2972,329
,,2025-05-12T08:48:46.735705,,13450,581
,,2025-05-12T08:48:57.189415,,7940,591
,,2025-05-12T08:48:59.704218,,5234,1089
,,2025-05-12T08:49:15.029818,,5965,475
,,2025-05-12T08:49:16.527170,,1914,558
,,2025-05-12T08:49:24.763573,,5748,910
,,2025-05-12T08:49:34.765816,,3824,881
,,2025-05-12T08:49:40.923535,,22479,561
,,2025-05-12T08:49:51.035857,,3238,948
,,2025-05-12T08:49:55.245784,,17858,608
,,2025-05-12T08:50:01.174783,,18556,570
,,2025-05-12T08:50:09.143514,,5572,385
,,2025-05-12T08:50:16.830806,,9035,1057
,,2025-05-12T08:50:26.822690,,11152,432
,,2025-05-12T08:50:33.715769,,6987,1318
,,2025-05-12T08:50:37.914836,,7461,1217
,,2025-05-12T08:50:41.119763,,2781,660
,,2025-05-12T08:50:51.697460,,25704,484
,,2025-05-12T08:50:59.471576,,4679,920
,,2025-05-12T08:51:06.982609,,3005,432
,,2025-05-12T08:51:10.593305,,3483,351
,,2025-05-12T08:51:25.345075,,9057,1166
,,2025-05-12T08:51:38.427599,,1886,800
,,2025-05-12T08:51:40.092557,,2001,618
Course Outline,Video Search Query Generator,2025-05-12T10:44:01.316044,gemini_2_flash,571,326
,,2025-05-12T10:49:59.594107,gemini_2_flash,5004,557
,,2025-05-12T10:50:00.622336,gemini_2_flash,4668,596
,,2025-05-12T10:50:00.899464,gemini_2_flash,4835,651
,,2025-05-12T10:50:01.320986,gemini_2_flash,4787,667
,,2025-05-12T10:50:01.635314,gemini_2_flash,4985,812
,,2025-05-12T10:50:26.890752,gemini_2_flash,5363,788
,,2025-05-12T10:50:27.047523,gemini_2_flash,4231,325
,,2025-05-12T10:50:28.595303,gemini_2_flash,5547,1187
,,2025-05-12T10:50:28.915053,gemini_2_flash,5153,928
,,2025-05-12T10:50:30.474963,gemini_2_flash,4991,857
,,2025-05-12T10:50:55.389689,gemini_2_flash,4738,756
,,2025-05-12T10:50:56.787957,gemini_2_flash,4558,570
,,2025-05-12T10:50:59.013770,gemini_2_flash,4343,691
,,2025-05-12T10:50:59.090858,gemini_2_flash,5425,842
,,2025-05-12T10:51:00.356615,gemini_2_flash,4703,720
,,2025-05-12T10:51:18.656548,gemini_2_flash,4917,784
,,2025-05-12T10:51:23.541666,gemini_2_flash,4893,957
,,2025-05-12T10:51:25.148904,gemini_2_flash,4475,701
,,2025-05-12T10:51:26.214879,gemini_2_flash,4471,806
,,2025-05-12T10:51:29.708783,gemini_2_flash,6382,1538
,,2025-05-12T10:51:37.749299,gemini_2_flash,4714,713
,,2025-05-12T10:51:48.830238,gemini_2_flash,4724,583
,,2025-05-12T10:51:50.196528,gemini_2_flash,5926,1392
,,2025-05-12T10:51:50.267886,gemini_2_flash,5081,588
,,2025-05-12T10:51:53.786790,gemini_2_flash,4740,735
,,2025-05-12T10:51:57.401123,gemini_2_flash,4778,447
,,2025-05-12T10:52:12.990052,gemini_2_flash,5140,758
,,2025-05-12T10:52:14.279531,gemini_2_flash,4569,576
,,2025-05-12T10:52:16.678449,gemini_2_flash,4850,1065
,,2025-05-12T10:52:17.343094,gemini_2_flash,4405,556
,,2025-05-12T10:52:22.050362,gemini_2_flash,4802,999
,,2025-05-12T10:52:39.456626,gemini_2_flash,4687,671
,,2025-05-12T10:52:40.756765,gemini_2_flash,4821,775
,,2025-05-12T10:52:44.421223,gemini_2_flash,4912,772
,,2025-05-12T10:52:46.317318,gemini_2_flash,5144,823
,,2025-05-12T10:52:49.081176,gemini_2_flash,5015,708
,,2025-05-12T10:53:04.044674,gemini_2_flash,4529,647
,,2025-05-12T10:53:05.082171,gemini_2_flash,4735,803
,,2025-05-12T10:53:08.122898,gemini_2_flash,4545,596
,,2025-05-12T10:53:09.026483,gemini_2_flash,5053,839
,,2025-05-12T10:53:09.334031,gemini_2_flash,4465,623
,,2025-05-12T10:55:22.194458,gemini_2_flash,11646,996
,,2025-05-12T10:55:22.582895,gemini_2_flash,6503,1233
,,2025-05-12T10:55:24.098448,gemini_2_flash,20172,1309
,,2025-05-12T10:55:24.363992,gemini_2_flash,15422,1418
,,2025-05-12T10:55:24.529198,gemini_2_flash,7460,1510
,,2025-05-12T10:55:48.147796,gemini_2_flash,7174,790
,,2025-05-12T10:55:48.762825,gemini_2_flash,5893,648
,,2025-05-12T10:55:51.914805,gemini_2_flash,7747,960
,,2025-05-12T10:55:52.778448,gemini_2_flash,6860,1053
,,2025-05-12T10:55:53.437553,gemini_2_flash,6719,1256
,,2025-05-12T10:56:12.841498,gemini_2_flash,5929,1067
,,2025-05-12T10:56:13.848935,gemini_2_flash,5937,978
,,2025-05-12T10:56:18.653388,gemini_2_flash,6741,695
,,2025-05-12T10:56:22.696476,gemini_2_flash,18922,1406
,,2025-05-12T10:56:24.330255,gemini_2_flash,22886,1333
,,2025-05-12T10:56:37.490894,gemini_2_flash,19523,821
,,2025-05-12T10:56:37.684893,gemini_2_flash,6514,1284
,,2025-05-12T10:56:41.156714,gemini_2_flash,6802,713
,,2025-05-12T10:56:47.587581,gemini_2_flash,8725,1058
,,2025-05-12T10:56:48.888326,gemini_2_flash,5730,794
,,2025-05-12T10:57:02.582667,gemini_2_flash,7223,956
,,2025-05-12T10:57:04.491872,gemini_2_flash,8898,1097
,,2025-05-12T10:57:06.997424,gemini_2_flash,6536,1051
,,2025-05-12T10:57:14.704314,gemini_2_flash,12154,1130
,,2025-05-12T10:57:14.855984,gemini_2_flash,10179,1010
,,2025-05-12T10:57:26.400532,gemini_2_flash,10759,1357
,,2025-05-12T10:57:26.436883,gemini_2_flash,5835,1077
